{
    "goodness": {
        "lnL": -277.3177086073295,
        "stat": 554.635417214659,
        "npoints": 236,
        "nparams": 3,
        "dof": 233,
        "bic": 571.0269126297359,
        "aic": 560.635417214659,
        "aicc": 560.7388654905211,
        "lnZ": -295.19960910658745
    },
    "parameter": {
        "p01": {
            "label": "ppl.$\\alpha$",
            "value": -1.5623179860796994,
            "1sigma_err": [
                0.009924018689224878,
                0.011379310797732245
            ],
            "2sigma_err": [
                0.019120267579295636,
                0.02118808353609003
            ],
            "3sigma_err": [
                0.030369151659259908,
                0.03168540257163732
            ]
        },
        "p02": {
            "label": "ppl.log$E_{p}$",
            "value": 2.3309791052119904,
            "1sigma_err": [
                0.01030048968437125,
                0.010103113879827319
            ],
            "2sigma_err": [
                0.019712531191153015,
                0.020898202625123208
            ],
            "3sigma_err": [
                0.027617013952700997,
                0.031875795934480866
            ]
        },
        "p03": {
            "label": "ppl.log$A$",
            "value": -0.770616091336823,
            "1sigma_err": [
                0.006331617779141596,
                0.006679211035949928
            ],
            "2sigma_err": [
                0.0121951586476724,
                0.013365238396755741
            ],
            "3sigma_err": [
                0.018367345375893684,
                0.01961910853349036
            ]
        }
    },
    "spec_goodness": {
        "GBM-na": {
            "lnL": -202.58056949555743,
            "stat": 405.16113899111485,
            "npoints": 119
        },
        "GBM-b1": {
            "lnL": -74.7371391117721,
            "stat": 149.4742782235442,
            "npoints": 117
        }
    }
}