{
    "LEIA": [
        0.1,
        0.0,
        0.0,
        0.0,
        0.0,
        0.0,
        0.0,
        0.0,
        0.1,
        0.0,
        0.0,
        0.0,
        0.2,
        0.1,
        0.0,
        0.2,
        0.0,
        0.1,
        0.1,
        0.1
    ],
    "GBM-na": [
        7.168874842750583,
        9.921992150071466,
        14.568605969548738,
        17.988645992301322,
        21.12933220406572,
        23.641787602142713,
        26.520024810904104,
        27.161165060528134,
        28.961889622411032,
        32.3764160627205,
        32.18018891841749,
        31.287837521098783,
        30.726403317189323,
        30.338234099962243,
        26.812348476405845,
        29.632981994247803,
        28.089377207044137,
        27.83351227973184,
        25.87791631485497,
        22.48113899341337,
        19.82173012430834,
        15.785713414624473,
        13.361783625299031,
        12.64712326272114,
        12.462230798368967,
        12.115651250787238,
        10.825869552834613,
        10.166251288433898,
        11.163640381739317,
        11.357886106557993,
        10.611493597539452,
        9.533385285460238,
        9.791873773286,
        10.240825628095413,
        11.016308907306922,
        12.074606897528506,
        11.037093672366776,
        9.60633761871042,
        8.85094738931267,
        8.002426571165573,
        7.30245179576652,
        7.539138472487498,
        7.270517479472308,
        6.63543690327515,
        7.101566224263049,
        6.791294368428441,
        5.667385676650385,
        5.85993270994086,
        5.445204493273175,
        5.487482005178919,
        4.824901681314525,
        5.151811883718121,
        4.722100247271237,
        4.932449846632244,
        4.234439449580443,
        4.3419957481681335,
        4.211653900107754,
        3.79646673463457,
        4.165436787147547,
        3.625296258618973,
        3.715339690466521,
        3.6885479245853214,
        3.4024779690940448,
        3.688424763640048,
        3.8289889701581057,
        3.924935219511658,
        4.042848656459401,
        3.4038033048007272,
        3.0206157154308078,
        2.6530360647842803,
        2.34864204569791,
        2.5856168725549993,
        2.5997676004086103,
        2.518931417466662,
        2.593827214941312,
        2.2964524014890904,
        2.2699627284925232,
        2.187601944729606,
        2.1996279526279685,
        2.13655676779526,
        2.0791852623685685,
        2.1083974506632432,
        1.7898455386997156,
        1.6172466087331625,
        1.2766521796035708,
        1.3294108622364238,
        1.3972875509015665,
        1.2969647308819015,
        1.2879918944358195,
        1.3220221737664546,
        1.221573481711526,
        1.4409058904567946,
        1.2861751736683968,
        1.00010095789285,
        2.5406469578149684,
        1.2930343281684764,
        1.3107718280792429,
        1.4801519196301802,
        2.9886613564355957,
        1.1750864216479995,
        2.2179339100149136,
        0.9237968459928863,
        1.0034877870632213,
        2.0773049278110167,
        6.99400997408768,
        2.3658449283450547
    ],
    "GBM-b1": [
        33.06217973362984,
        36.6069217571835,
        32.48821402456158,
        23.480520917203975,
        22.211520145070505,
        24.528776293416374,
        33.850223112832246,
        24.26215645199814,
        18.492722183700646,
        16.043480125693296,
        15.24231043022769,
        15.787049479631195,
        16.751158648495622,
        17.39221065949668,
        31.253403800201767,
        42.28144703843221,
        105.84708980135213,
        153.90176399222702,
        75.29484634529048,
        36.23373036740795,
        13.492097381503285,
        10.080775612912708,
        8.961768588562254,
        8.41330200979816,
        9.301442777065285,
        14.7803555175735
    ],
    "GECAM-BHG": [
        11.144944461500684,
        9.212151275958083,
        8.881533036211774,
        6.901356647702231,
        7.939483850357142,
        7.645520131434693,
        6.09493469595511,
        4.281634224450665,
        5.355397529793673,
        5.820286793357789,
        4.871188571693706,
        6.016011944286382,
        3.7063164009493232,
        5.153877556403327,
        5.368695526540497,
        4.513696270744935,
        4.3309732090850295,
        3.1027289421169835,
        3.649931870895158,
        3.908612016484196,
        3.9045868215751787,
        4.164715091048047,
        2.8273841250528062,
        3.620285664668161,
        2.2505698939441388,
        2.0599381910681105,
        2.938632926557867,
        2.7503593697117337,
        3.5263197214274262,
        3.6074006973632966,
        2.6741812277714114,
        3.008027496212702,
        2.686047776940513,
        3.389316110334455,
        2.6277828964174805,
        3.268505192471679,
        2.3568367459549098,
        2.2889888067362594,
        2.7634983598189304,
        2.8481352671663798,
        2.406339003260697,
        2.844158162070323,
        2.778882252202921,
        2.5989045759135645,
        2.0554119313337296,
        2.297888718613086,
        2.005353538610317,
        2.6611828228029104,
        2.535721348552093,
        1.8909034680642618,
        2.542644730334131,
        2.5131458961145943,
        2.2278036335390867,
        1.5429202489415743,
        1.9136295889883346,
        2.6442501669668377,
        1.9605427528156947,
        1.376517667555174,
        1.978113568226176,
        2.2928897049916164,
        1.0329482400559111,
        2.626264383009035,
        1.4698670722462788,
        1.6771196228162801,
        2.1977366414486847,
        1.7326875956027963,
        1.431014672450636,
        2.1681429849769795,
        2.4605133410240363,
        2.491996655670343,
        2.299491970925821,
        1.7526648407666692,
        1.5457099428696297,
        1.75187833963212,
        1.8685007899144563,
        1.558599564027361,
        2.250179939855978,
        1.6656498146041034,
        1.8416234322328808,
        2.096899672270667,
        1.5475509294996619,
        1.7036396033797652,
        1.596598369642953,
        1.1948892308717305,
        1.7615430346634489,
        0.5325384444832315,
        1.3055248872615435,
        1.6145496375253243,
        1.204960653252595,
        0.8890540180615081,
        1.7813096929850831,
        1.1047298484105246,
        1.3405771253253498,
        1.188552525416758,
        1.2516474265290216,
        0.9741640671171184,
        1.743539604846858,
        1.3011217607176062,
        1.4462419820767005,
        1.291679287160684,
        0.416367030107937,
        1.1883749033656617,
        1.651705707950889,
        1.2800221613706042,
        1.2056916959738107,
        1.188253030593703,
        0.8924885614774688,
        1.3394747439274421,
        0.8162381878624375,
        0.7937777243728649,
        0.7053667847383226,
        3.0635034584498237,
        1.3151324756399816,
        1.22721498984226,
        1.4827734666653856,
        0.936738364091063,
        3.0416791184740304,
        1.3219413532504343,
        0.8187317804018203,
        2.1075196675582477,
        2.3613468141595235,
        3.711765577880422,
        0.9087307018943773,
        0.7544770034176863,
        2.6785778098347546,
        8.060725685908837
    ],
    "GECAM-BLG": [
        5.668725117039827,
        6.3937243586039445,
        5.664870459859979,
        4.438862605565497,
        3.9892644908585178,
        6.0604571870131725,
        2.292163046653083,
        1.7217450010025062,
        1.8675022736729896,
        1.549259778335305,
        1.3495177916024057,
        1.0197754355344815,
        2.2083451949393598,
        2.402460043199797,
        2.2473013419929453,
        1.565564064984129
    ],