{
    "LEIA": [
        1.0,
        0.0,
        0.0,
        0.0,
        0.0,
        0.0,
        0.0,
        0.0,
        1.0,
        0.0,
        0.0,
        0.0,
        1.4142135623730951,
        1.0,
        0.0,
        1.4142135623730951,
        0.0,
        1.0,
        1.0,
        1.0
    ],
    "GBM-na": [
        2.6916635036468506,
        3.0340383052825928,
        3.5756239891052246,
        4.262477397918701,
        4.787932395935059,
        4.568183422088623,
        4.91847038269043,
        4.829343318939209,
        5.068515777587891,
        5.540504455566406,
        5.284320831298828,
        5.117523193359375,
        5.703762531280518,
        5.603160381317139,
        5.221513271331787,
        5.2758026123046875,
        5.0484442710876465,
        4.9298577308654785,
        5.288111686706543,
        4.617954730987549,
        4.490190505981445,
        3.8455824851989746,
        3.260402202606201,
        3.457156181335449,
        3.2563436031341553,
        3.223367929458618,
        3.1230456829071045,
        3.077373504638672,
        3.204357862472534,
        3.1610326766967773,
        3.339850902557373,
        2.902167797088623,
        3.155521869659424,
        3.2158796787261963,
        3.30185866355896,
        3.5059521198272705,
        3.341157913208008,
        3.1946215629577637,
        3.037623405456543,
        2.7038373947143555,
        2.5809128284454346,
        2.627331256866455,
        2.676367998123169,
        2.5483391284942627,
        2.560446262359619,
        2.3689520359039307,
        2.256176710128784,
        2.3104746341705322,
        2.2990798950195312,
        2.382416009902954,
        2.0390825271606445,
        2.1057257652282715,
        2.151376724243164,
        2.1684505939483643,
        2.0916223526000977,
        2.1248252391815186,
        1.9675936698913574,
        2.042396068572998,
        2.034992218017578,
        1.8554764986038208,
        1.983946442604065,
        1.733370304107666,
        1.868959665298462,
        1.9079298973083496,
        2.0599849224090576,
        1.9507691860198975,
        1.8800956010818481,
        1.8438087701797485,
        1.6781339645385742,
        1.5453579425811768,
        1.6335186958312988,
        1.5684216022491455,
        1.6375410556793213,
        1.5319801568984985,
        1.5240477323532104,
        1.485466718673706,
        1.4988372325897217,
        1.415022611618042,
        1.3998284339904785,
        1.439232349395752,
        1.4305601119995117,
        1.390309453010559,
        1.3400863409042358,
        1.184311866760254,
        1.1616142988204956,
        1.1677145957946777,
        1.1385600566864014,
        1.1435450315475464,
        1.2104566097259521,
        1.0398104190826416,
        1.1549869775772095,
        1.1733930110931396,
        1.057974100112915,
        0.9595739841461182,
        1.5495359497374712,
        1.1115877628326416,
        1.1167587041854858,
        1.126092553138733,
        1.5178300986333768,
        0.9440299868583679,
        1.3714369369736408,
        0.9311825037002563,
        0.9042838215827942,
        1.3560665426903848,
        3.0035241494349707
    ],
    "GBM-b1": [
        4.969370365142822,
        5.545158386230469,
        5.056914329528809,
        4.318502902984619,
        4.131753921508789,
        4.412437438964844,
        4.919403553009033,
        4.350935459136963,
        3.777982711791992,
        3.486177444458008,
        3.4220285415649414,
        3.835777997970581,
        3.4675142765045166,
        3.4776737689971924,
        4.989784357153696,
        5.742432953473195,
        18.347435824763746
    ],
    "GECAM-BHG": [
        8.802045822143555,
        8.493338584899902,
        8.054573059082031,
        7.327570915222168,
        6.807299613952637,
        6.89838981628418,
        7.030789375305176,
        6.482973575592041,
        6.5944061279296875,
        7.013106346130371,
        5.973548412322998,
        6.425143718719482,
        5.380091190338135,
        6.088645935058594,
        5.85847282409668,
        5.799251556396484,
        5.24483585357666,
        5.263618469238281,
        4.72636604309082,
        5.610429286956787,
        5.238303184509277,
        5.3990159034729,
        4.091785907745361,
        4.819934844970703,
        4.6574554443359375,
        4.669381618499756,
        4.913270950317383,
        4.627657890319824,
        4.747860431671143,
        4.629101753234863,
        4.790794372558594,
        4.701117992401123,
        4.846025466918945,
        4.503116130828857,
        4.424734592437744,
        4.854743003845215,
        4.7975897789001465,
        4.527030944824219,
        4.64055871963501,
        4.31707763671875,
        4.136926651000977,
        4.5741496086120605,
        3.925295352935791,
        3.909931182861328,
        3.6948132514953613,
        4.560908794403076,
        3.8892979621887207,
        4.262442588806152,
        4.090208530426025,
        4.139999866485596,
        4.016770362854004,
        4.293126106262207,
        3.8523356914520264,
        4.025804042816162,
        3.780421257019043,
        4.112914562225342,
        3.993405818939209,
        3.4924750328063965,
        3.8596200942993164,
        3.8670268058776855,
        3.26017427444458,
        3.9406967163085938,
        3.3445000648498535,
        3.497235059738159,
        3.8450958728790283,
        3.9536752700805664,
        3.7134265899658203,
        3.8674092292785645,
        4.069248199462891,
        3.5117154121398926,
        3.672637939453125,
        3.5149712562561035,
        3.515648603439331,
        3.4703264236450195,
        3.835820436477661,
        3.313485860824585,
        3.5895707607269287,
        3.7017478942871094,
        3.5768935680389404,
        3.37459659576416,
        3.4842474460601807,
        3.5618059635162354,
        3.4316635131835938,
        3.0678303241729736,
        3.278655767440796,
        2.5344090461730957,
        2.938626527786255,
        3.3304214477539062,
        3.038862943649292,
        3.033649444580078,
        3.4446516036987305,
        2.8783531188964844,
        2.9975192546844482,
        3.150672197341919,
        3.2781178951263428,
        2.618180513381958,
        2.940678596496582,
        3.082195520401001,
        3.0733962059020996,
        2.8854892253875732,
        2.479121446609497,
        2.706230878829956,
        3.1147124767303467,
        3.3496479988098145,
        3.9631054401397705,
        3.8608553409576416,
        2.9349663257598877,
        3.191185712814331,
        3.5325207710266113,
        3.089810848236084,
        2.982283115386963,
        5.155603651601044,
        3.2067601680755615,
        3.6376993656158447,
        3.29875111579895,
        3.090601921081543,
        5.04772512816278,
        3.9146676063537598,
        3.0813283920288086,
        4.001000644910824,
        4.415983672574323,
        5.1432035311424205,
        2.5675172805786133,
        2.858466863632202,
        5.035017511191096,
        7.621695317740419
    ],
    "GECAM-BLG": [
        6.636351651254725
    ],