{
    "LEIA": [
        0.5882352363692079,
        0.0,
        0.0,
        0.0,
        0.0,
        0.0,
        0.0,
        0.0,
        1.6666682561253765,
        0.0,
        0.0,
        0.0,
        2.499998658896212,
        1.000000953675226,
        0.0,
        0.8333333002196431,
        0.0,
        0.2941175150624376,
        0.11904763121183351,
        0.12820513290766444
    ],
    "GBM-na": [
        8.583654990667437,
        11.960475156695358,
        14.653867548982506,
        17.99130545842114,
        20.85771423090685,
        22.871139503264484,
        24.976904606796715,
        24.854107799579502,
        25.85185462833698,
        24.228371147721344,
        23.633090425226005,
        22.65401159539712,
        21.949649819481934,
        21.356088603622734,
        18.57659517182952,
        17.638956917994292,
        16.375475240542666,
        15.87135714647927,
        14.416099077158707,
        9.17635801149339,
        12.883308758483713,
        10.088226686307742,
        8.322213341515393,
        7.691197236075651,
        6.663713825558355,
        6.333646982958364,
        5.543462354321236,
        5.108155497030424,
        5.008285319599046,
        5.009584894054993,
        4.610077788071313,
        4.086747654642527,
        3.8014012055225583,
        3.9332241233097167,
        4.193842944251796,
        4.212629761965601,
        3.829781334746459,
        3.322230096542767,
        2.8387832973511076,
        2.569307406270365,
        2.352203683262375,
        2.2753269825462734,
        2.2020192553253697,
        2.0157931125431516,
        2.02787403383929,
        1.9434411845997128,
        1.6243766751072461,
        1.5823801845468257,
        1.471001699012759,
        1.399705059690756,
        1.2294956172625615,
        1.2415232484628496,
        1.1354545203904896,
        1.1241785076088375,
        0.9628647892263096,
        0.9850661137737841,
        0.907887171517115,
        0.8164616058523154,
        0.8530521303408372,
        0.7084020323057174,
        0.7241832164604474,
        0.687265770675953,
        0.6323495690443705,
        0.6563787582749455,
        0.6796269534684127,
        0.6681105200372881,
        0.6609180427048239,
        0.5549487854342148,
        0.4735987586431064,
        0.40050993168179905,
        0.3535730564856883,
        0.37522528301667507,
        0.36407268159549616,
        0.3407435091710051,
        0.3498645944260798,
        0.29950130563198435,
        0.2865027816981022,
        0.26742625611324694,
        0.2681062225038528,
        0.2524454338409659,
        0.2383210414137963,
        0.2346116438692641,
        0.19347894188707324,
        0.16994005520466737,
        0.13048533871468257,
        0.13224410875835405,
        0.135356358085946,
        0.12241500673022271,
        0.11851219493510089,
        0.11864566154775864,
        0.10698264601071546,
        0.1232017811868558,
        0.10526504740758896,
        0.08001374166684873,
        0.09830693908615137,
        0.0968821500705969,
        0.09444615259658297,
        0.10449984616938267,
        0.10152880879273797,
        0.07693445249006312,
        0.06949999652235281,
        0.055516181243388335,
        0.05928090452343783,
        0.05855690930015673,
        0.04085361920346079
    ],
    "GBM-b1": [
        0.960669434611986,
        1.0644806891803245,
        0.9453785755893743,
        0.6837015649361137,
        0.6471282570720184,
        0.7150123266154809,
        0.7404408657233537,
        0.5309791532216338,
        0.404874182370586,
        0.3513521461292171,
        0.333865886922841,
        0.34582136988100376,
        0.36692583338050827,
        0.3809102142467301,
        0.34209186963076527,
        0.41095462686499973,
        0.012355666947433497
    ],
    "GECAM-BHG": [
        10.44085283114135,
        8.55659319445539,
        8.178476797532307,
        6.299748717016115,
        7.183642663992955,
        6.856067065993508,
        5.4163606440185506,
        3.7702543571864124,
        4.6722667338395345,
        5.030458851900523,
        4.170404570102859,
        5.10134834389903,
        3.1124998209569528,
        4.285957440926417,
        4.4206775330817285,
        3.679761641776504,
        3.495468456025301,
        2.4789150527939072,
        2.8865155452566262,
        3.059514561085331,
        3.025002387208612,
        3.193237337750951,
        2.145430237293666,
        2.7185691111241397,
        1.6724403259934242,
        1.514821215220459,
        2.1384571969874733,
        1.9805790913213546,
        2.512922190653703,
        2.5439663849437597,
        1.8662926127141353,
        2.0775559477464958,
        1.8360564180585601,
        2.293016554386634,
        1.759659744754322,
        2.1665074318437556,
        1.54646321495125,
        1.4869079616829306,
        1.7773259781362363,
        1.8137290695398116,
        1.5174361969054384,
        1.7761945989340693,
        1.7188454057966327,
        1.5923134697057109,
        1.2475547477345224,
        1.3818538728484786,
        1.194937849543709,
        1.571469688281882,
        1.484090505011922,
        1.097025988235508,
        1.46243326777901,
        1.4332091530288211,
        1.2598758164534614,
        0.8654039072317674,
        1.0646690726517436,
        1.4594925607113178,
        1.0737062310809198,
        0.748102713069368,
        1.0670028956045883,
        1.2277102168888736,
        0.5491026443952695,
        1.3862567261463627,
        0.7705042228644158,
        0.8732161086906152,
        1.1367328187613925,
        0.890412488652972,
        0.7307555698958592,
        1.1003579179711562,
        1.2412608907501443,
        1.249774195919768,
        1.1466578337956599,
        0.8691246377808884,
        0.7623565162963045,
        0.8594931791146175,
        0.912019094549173,
        0.7569783011931283,
        1.0875927793024713,
        0.8012980073985313,
        0.8819337468382469,
        0.9997629545809934,
        0.7347060873914449,
        0.8054780218817592,
        0.7518586941891856,
        0.5605298390483431,
        0.8232803303241489,
        0.24799925741610102,
        0.6058809963004554,
        0.7468106846564161,
        0.5555787822422175,
        0.40867101624217234,
        0.8164144039797637,
        0.5048996146661098,
        0.6110535859820148,
        0.540368082149684,
        0.5676675830104219,
        0.44079383787585596,
        0.7804746560424831,
        0.5717889592928876,
        0.6239404012809063,
        0.5470704539561743,
        0.17312127856687537,
        0.4850817964595616,
        0.6618861532589149,
        0.5035598530970468,
        0.4656503682440902,
        0.4505229973386843,
        0.3321981618957653,
        0.4894608070233783,
        0.2928090135681552,
        0.27954762182008747,
        0.24386816421767968,
        0.5151006820800261,
        0.43020051373152235,
        0.39410200892952796,
        0.4674663833794315,
        0.289921866326663,
        0.45783279369292934,
        0.38710790226371966,
        0.23537021292830376,
        0.294652605723941,
        0.3181800374463033,
        0.3183748038897603,
        0.2253908566819183,
        0.18418987996178585,
        0.21260552001672625,
        0.25740453258060597
    ],
    "GECAM-BLG": [
        0.009545155552034968
    ],