{
    "LEIA": [
        0.5787918567657471,
        0.7088723182678223,
        0.803118884563446,
        0.8846468329429626,
        0.9443516731262207,
        0.9997999668121338,
        1.039807677268982,
        1.0798147916793823,
        1.1296017169952393,
        1.1847362518310547,
        1.244507908821106,
        1.3290598392486572,
        1.4194365739822388,
        1.509171962738037,
        1.604369044303894,
        1.7659275531768799,
        1.963568091392517,
        2.2034518718719482,
        2.7683207988739014,
        3.588871717453003
    ],
    "GBM-na": [
        8.487640380859375,
        9.321054458618164,
        10.230081558227539,
        11.228044509887695,
        12.235126495361328,
        13.258894920349121,
        14.306856155395508,
        15.384305953979492,
        16.491058349609375,
        17.716276168823242,
        19.065698623657227,
        20.437576293945312,
        21.828508377075195,
        23.239097595214844,
        24.671363830566406,
        26.230127334594727,
        27.928058624267578,
        29.66278076171875,
        31.43731117248535,
        33.55025100708008,
        35.55851364135742,
        37.11024856567383,
        38.69533157348633,
        40.32023620605469,
        42.07548904418945,
        43.967010498046875,
        45.899932861328125,
        47.87152862548828,
        49.97906494140625,
        52.22732162475586,
        54.51198959350586,
        56.82944869995117,
        59.28173828125,
        61.87179946899414,
        64.48734283447266,
        67.23197937011719,
        70.1065444946289,
        72.99375915527344,
        75.99678802490234,
        79.11369323730469,
        82.22393798828125,
        85.43150329589844,
        88.73979949951172,
        92.03717803955078,
        95.43267822265625,
        98.9315414428711,
        102.42382049560547,
        106.01860809326172,
        109.72164154052734,
        113.53140258789062,
        117.45431518554688,
        121.48992156982422,
        125.64462280273438,
        129.91648864746094,
        134.3096923828125,
        138.7129669189453,
        143.23509216308594,
        147.88002014160156,
        152.6452178955078,
        157.6442413330078,
        162.76878356933594,
        168.01625061035156,
        173.39065551757812,
        178.8894805908203,
        184.51669311523438,
        190.26983642578125,
        196.26454162597656,
        202.39041137695312,
        208.64505004882812,
        215.14500427246094,
        221.7790069580078,
        228.54461669921875,
        235.55935668945312,
        242.82489013671875,
        250.22869873046875,
        257.7683410644531,
        265.5625915527344,
        273.6131896972656,
        281.80615234375,
        290.1390380859375,
        298.7319030761719,
        307.58648681640625,
        316.7043151855469,
        326.08709716796875,
        335.73638916015625,
        345.6537780761719,
        355.84075927734375,
        366.2987976074219,
        377.02935791015625,
        388.0338439941406,
        399.31353759765625,
        410.86968994140625,
        422.82415771484375,
        435.18218994140625,
        454.2148742675781,
        473.9468994140625,
        487.5569763183594,
        501.57769775390625,
        523.2210693359375,
        545.7298583984375,
        569.1529541015625,
        593.5947265625,
        610.3782348632812,
        636.39111328125,
        730.2374877929688,
        848.49560546875
    ],
    "GBM-b1": [
        328.71337890625,
        363.1592712402344,
        397.57232666015625,
        431.9565734863281,
        466.3152770996094,
        500.6515197753906,
        540.4729614257812,
        586.2158813476562,
        631.9326171875,
        677.6292724609375,
        723.311767578125,
        768.985595703125,
        814.6563110351562,
        860.329345703125,
        928.018310546875,
        1024.974609375,
        1238.0230712890625,
        1736.781494140625,
        2515.510986328125,
        3502.06005859375,
        4774.80029296875,
        6428.9052734375,
        8662.9599609375,
        11845.724609375,
        16751.359375,
        27070.71484375
    ],
    "GECAM-BHG": [
        40.70681381225586,
        41.77886962890625,
        42.86018753051758,
        43.95094299316406,
        45.051326751708984,
        46.161529541015625,
        47.28176498413086,
        48.41223907470703,
        49.55317687988281,
        50.70479965209961,
        51.86733627319336,
        53.041015625,
        54.2260627746582,
        55.4227180480957,
        56.63119888305664,
        57.851741790771484,
        59.084571838378906,
        60.32991027832031,
        61.587974548339844,
        62.85897445678711,
        64.14312744140625,
        65.44062042236328,
        66.75166320800781,
        68.0764389038086,
        69.41511535644531,
        70.76788330078125,
        72.13489532470703,
        73.51631164550781,
        74.91226959228516,
        76.32291412353516,
        77.74835968017578,
        79.18872833251953,
        80.64412689208984,
        82.11463928222656,
        83.60035705566406,
        85.10134887695312,
        86.61766815185547,
        88.14938354492188,
        89.69652557373047,
        91.25910949707031,
        92.837158203125,
        94.43067169189453,
        96.03965759277344,
        97.6640853881836,
        99.3039321899414,
        100.95915222167969,
        102.62969970703125,
        104.31552124023438,
        106.01653289794922,
        107.73265838623047,
        109.46380615234375,
        111.20987701416016,
        112.97076416015625,
        114.74634552001953,
        116.53648376464844,
        118.34105682373047,
        120.159912109375,
        121.9928970336914,
        123.83985137939453,
        125.70060729980469,
        127.57499694824219,
        129.46282958984375,
        131.36392211914062,
        133.27806091308594,
        135.205078125,
        137.1447296142578,
        139.0968475341797,
        141.06117248535156,
        143.0375213623047,
        145.02565002441406,
        147.02532958984375,
        149.03631591796875,
        151.0583953857422,
        153.09130859375,
        155.13482666015625,
        157.18870544433594,
        159.25267028808594,
        161.32650756835938,
        163.40994262695312,
        165.50274658203125,
        167.60462951660156,
        169.71536254882812,
        171.8346710205078,
        173.96231079101562,
        176.0980224609375,
        178.2415313720703,
        180.39259338378906,
        182.5509490966797,
        184.7163543701172,
        186.88851928710938,
        189.0672149658203,
        191.25218200683594,
        193.44314575195312,
        195.63986206054688,
        197.84210205078125,
        200.04957580566406,
        202.2715301513672,
        204.52618408203125,
        206.82281494140625,
        209.16224670410156,
        211.54522705078125,
        213.97259521484375,
        216.4451446533203,
        218.9637451171875,
        221.52926635742188,
        224.14254760742188,
        226.80450439453125,
        229.5160369873047,
        232.27804565429688,
        235.0915069580078,
        237.9573516845703,
        242.36341857910156,
        246.87913513183594,
        249.96449279785156,
        253.10731506347656,
        256.30865478515625,
        261.2299499511719,
        266.27490234375,
        269.7214660644531,
        275.0193176269531,
        282.30517578125,
        291.8113098144531,
        299.7078857421875,
        303.7717590332031,
        312.0625915527344,
        333.7161560058594
    ],