{
    "LEIA": [
        0.3605551275463989,
        0.31622776601683794,
        0.31622776601683794,
        0.31622776601683794,
        0.33166247903553997,
        0.33166247903553997,
        0.31622776601683794,
        0.33166247903553997,
        0.36055512754639896,
        0.33166247903553997,
        0.31622776601683794,
        0.31622776601683794,
        0.3872983346207417,
        0.36055512754639896,
        0.31622776601683794,
        0.37416573867739417,
        0.31622776601683794,
        0.36055512754639896,
        0.36055512754639896,
        0.4123105625617661
    ],
    "GBM-na": [
        1.9667235439110669,
        2.125321621958026,
        2.6548844502827422,
        2.9270518188821866,
        3.269334371730635,
        3.4442812483758556,
        3.611302856500998,
        3.8019793828441246,
        3.9669910259374137,
        4.4204888706379695,
        4.3537924964436,
        4.31367227341787,
        4.427287728590988,
        4.363809119454758,
        4.229301285694467,
        4.290484641896309,
        4.261137078003686,
        4.111950760781971,
        3.907131950458295,
        3.6014906727839127,
        3.542093016673877,
        3.160096200915831,
        3.0738516911607117,
        2.7970031145005416,
        2.8511182452385553,
        2.8902331572162523,
        2.7445505165592103,
        2.8089886024259014,
        2.782807965469405,
        2.7524988492254123,
        2.713200758547522,
        2.611111009593186,
        2.6803340361516765,
        2.6714442393633004,
        2.699389108378948,
        2.7455611854045006,
        2.5405611148554876,
        2.594841105479469,
        2.524409756742361,
        2.518448398966204,
        2.4716617814232675,
        2.4194844743938733,
        2.3857199316493816,
        2.3450417994389308,
        2.4251293389484947,
        2.2118473554569795,
        2.0908121437808567,
        2.261906797160983,
        2.2411848452195593,
        2.1457646137398516,
        2.0761367684927183,
        2.1282991683954364,
        1.991161643014695,
        1.9991018360886952,
        1.9512795313948832,
        1.8317713091365968,
        1.9152804829864054,
        1.7851941115765333,
        1.8641966196984048,
        1.8174440452317666,
        1.6865142752156013,
        1.7049587826988257,
        1.622838596389352,
        1.7068791462056414,
        1.510153564426818,
        1.4810756070940663,
        1.5179530341502914,
        1.4119315556883592,
        1.463610305958953,
        1.2615160067712692,
        1.2949034736433558,
        1.2536136259033381,
        1.216988009272921,
        1.1275869638024074,
        1.1766859154673495,
        1.0512272590252185,
        1.08519374175667,
        1.0102024949081683,
        0.9997261648675178,
        0.9084990481633923,
        0.9196357744271336,
        0.930148108509243,
        0.8045466481457825,
        0.9046969791812688,
        0.748484796829697,
        0.7554362330201355,
        0.768509408313418,
        0.675811201219136,
        0.7423717391391892,
        0.7670654059526835,
        0.6035068056860834,
        0.6038726884085315,
        0.6101765998843179,
        0.657355817468328,
        0.7624817798995548,
        0.5764396857563948,
        0.5396014606576289,
        0.5585708641286021,
        0.7818565851628726,
        0.5457183265264272,
        0.6648404981878038,
        0.49600455331196924,
        0.5158754210198333,
        0.6408251968078009,
        1.033541553216582,
        0.6290759764132574
    ],
    "GBM-b1": [
        3.3175832243613015,
        3.162504221947543,
        2.9183586792368787,
        2.4903729609267735,
        2.4459768716277552,
        2.305760038329922,
        2.503695622674294,
        2.2397594099906946,
        1.94967718789565,
        1.63172194884831,
        1.6550728907402514,
        1.576511232631668,
        1.5935252414328136,
        1.6253007106996182,
        2.037867120904575,
        2.33314033694799,
        3.541833294234525,
        4.096998999088702,
        2.924405463973909,
        2.030246208266082,
        1.2412729947091032,
        1.0633799436140654,
        0.9827958871495744,
        0.894091129109797,
        0.9949049745240002,
        1.182018776727102
    ],
    "GECAM-BHG": [
        2.2675527994278037,
        2.2090484999654714,
        2.182546090389564,
        2.085230716029484,
        2.041769008997505,
        1.9833471554684245,
        1.9031508338139713,
        1.888422123610876,
        1.9222105630143156,
        1.8248327299980323,
        1.8205787846031,
        1.839215907620505,
        1.8716997980201595,
        1.8188416365455433,
        1.7851445587038888,
        1.653834071427135,
        1.6314243248018467,
        1.6665169972014637,
        1.646654105306864,
        1.5863544132173912,
        1.546644026822955,
        1.5820237587596497,
        1.5138959054809358,
        1.474078107676547,
        1.5137223690937003,
        1.531072843712178,
        1.4201843414700563,
        1.4356562974860205,
        1.464618524966855,
        1.464217606615862,
        1.451894276025125,
        1.4665872230937413,
        1.42868745143156,
        1.3612405654791608,
        1.454122836175195,
        1.3393892942222911,
        1.3753615801139103,
        1.3733955702813427,
        1.3622149105115182,
        1.2642362617369973,
        1.2372846408445661,
        1.253091749279265,
        1.2835899391155328,
        1.2545949306235509,
        1.3397099423648624,
        1.227588744033964,
        1.2373367075208979,
        1.286648037819806,
        1.184428770524392,
        1.141818441785074,
        1.1508116741803078,
        1.2004688338361613,
        1.2361409973895556,
        1.1951887135201744,
        1.160458204086782,
        1.1720875679738614,
        1.131852481094906,
        1.142079923065715,
        1.1224505670498175,
        1.0947475561507285,
        1.1796147750268404,
        1.073656651201816,
        1.0768123412974921,
        1.0913280853034217,
        1.1265320344121939,
        1.1258289531888188,
        0.9898092903919209,
        0.9588728899634966,
        1.044524185463037,
        0.9662565858632217,
        0.9777203115960349,
        1.003114491560952,
        0.8883900248229969,
        0.9911326225051711,
        0.8669197734658572,
        0.9481542927440074,
        0.914335032172701,
        0.9628855555731658,
        0.8733379850271471,
        0.815780767199876,
        0.910114285769975,
        0.8176699167933938,
        0.8849893900580394,
        0.7836224801977802,
        0.8490673300684863,
        0.7902659902059215,
        0.8298970945898503,
        0.8202271803309943,
        0.8020244030255221,
        0.7953490733136913,
        0.7321686599987339,
        0.7893609790160587,
        0.7400282561082503,
        0.7465749241565867,
        0.7313242270970003,
        0.7460772870077916,
        0.7163420057319352,
        0.7295828767295174,
        0.77054911144605,
        0.6535566857352224,
        0.6830950994059869,
        0.6919470722620885,
        0.7167303379729275,
        0.6527187326388189,
        0.702196650521504,
        0.7464327720613453,
        0.7160998303583491,
        0.7273392515989566,
        0.7078591020184665,
        0.7299157308474071,
        0.6961935867706063,
        0.9349875216949327,
        0.6610827296913455,
        0.7060619835655344,
        0.6810927345531157,
        0.7779318006222901,
        0.961685718488891,
        0.6993827215564973,
        0.6141656519470953,
        0.8196996384697829,
        0.835268600385248,
        1.0340508936282256,
        0.580400526169875,
        0.5676041186102196,
        0.9056254674828187,
        1.3681031712888871
    ],