{
    "LEIA": [
        1.1,
        1.0,
        1.0,
        1.0,
        1.1,
        1.1,
        1.0,
        1.1,
        1.1,
        1.1,
        1.0,
        1.0,
        1.1,
        1.1,
        1.0,
        1.0,
        1.0,
        1.1,
        1.1,
        1.5
    ],
    "GBM-na": [
        30.19342781220652,
        33.63351828193016,
        53.556679577940976,
        64.55361503617728,
        81.82005608975629,
        91.08484826769839,
        99.47621865323111,
        112.845941899216,
        123.43163289142214,
        156.9732971206898,
        151.68701246236324,
        149.3304679766422,
        159.02942185160094,
        154.03660726254344,
        146.5974692808407,
        148.85323558024834,
        148.16322444786218,
        136.23572981377544,
        121.64226237441858,
        103.10899248534189,
        101.70728150064723,
        81.07199509849801,
        78.62258106326384,
        63.19429000698798,
        66.52655035803491,
        69.10674582520646,
        62.37581581190471,
        66.58891394838015,
        64.06860490989985,
        62.24991124356129,
        60.76268783299001,
        56.76439632781962,
        59.957859715723586,
        59.001267879189214,
        59.64717654880759,
        60.92402247452083,
        51.40262407980338,
        55.67616403111952,
        52.97960238478753,
        53.726595206589636,
        52.19295406239886,
        49.418067477053086,
        48.0622405285484,
        46.8698171705357,
        50.16022371431251,
        40.82533591737286,
        36.872844791901315,
        43.99031349545027,
        43.49128974501303,
        39.28636438296261,
        37.20768880551221,
        39.012866526353456,
        33.85853836382577,
        33.95277275349974,
        32.82327921634168,
        28.24849107857434,
        31.526200813329474,
        27.169572150588028,
        29.643385995734832,
        28.55907858274353,
        23.900275315371335,
        24.63776305566748,
        22.18257710984397,
        24.637886216612753,
        18.202586236705184,
        17.294416016591697,
        18.293310539438867,
        15.886516000747775,
        17.792623535292577,
        12.779219379654522,
        13.89583736950083,
        12.643582579193819,
        11.715679884235279,
        9.765956140277385,
        10.80786830259765,
        8.363987214735083,
        9.101172862146594,
        7.66061370073463,
        7.445531700146283,
        5.782626947114125,
        6.043054445230801,
        6.2168982496261105,
        4.403362238344804,
        6.301937106176223,
        4.104331626681012,
        4.153100940393151,
        4.288280244417993,
        3.06873911195276,
        3.991463915503771,
        4.363545621553104,
        2.230378394018206,
        2.0110459852729377,
        2.2673046984063276,
        3.1625468922518274,
        2.941864844814606,
        1.8543335585262792,
        1.4304840732355444,
        1.4641599743745914,
        2.7984344352289554,
        1.66769747601178,
        1.9447139401297633,
        1.4113470699419326,
        1.5347121215615818,
        1.7807589332986842,
        2.854205671376556,
        1.2891629400746616
    ],
    "GBM-b1": [
        73.66237416982828,
        59.53587750995441,
        49.444800445232055,
        36.18041950852521,
        35.43384796897865,
        26.263645960920638,
        25.911495928480946,
        23.607685950402814,
        17.787579426540074,
        9.151173770307206,
        10.758572390444828,
        7.392032104689267,
        7.234151860496856,
        7.600886005335819,
        7.445584584055004,
        8.410196600320798,
        10.350653967002184,
        0.8941895448000786,
        3.715588272567096,
        1.7598077077608048,
        0.8184660314250005,
        0.29942179223949866,
        -0.09325041717007751,
        -1.1572416877500158,
        -0.2313673745051042,
        -2.0822499539892476
    ],
    "GECAM-BHG": [
        31.554341748764834,
        31.453835590961454,
        31.37779396203857,
        30.409686302696446,
        28.354909428368547,
        26.208913935275824,
        24.506220421401842,
        26.522850827240887,
        26.567402160738165,
        21.934249243314795,
        24.103327070986467,
        23.06016866556109,
        27.809823420913318,
        23.617308151942247,
        22.487505477299386,
        18.9709111449011,
        19.051969239393706,
        21.39852814520204,
        20.749660249256564,
        17.64436102298316,
        16.835066480553785,
        17.489922915586607,
        18.013934144243457,
        15.391063195616724,
        18.08242353951563,
        18.781380078228153,
        14.446076459050236,
        15.34600478606746,
        15.28169920452286,
        15.302283195754288,
        15.72717782950968,
        15.901656396904883,
        15.003656510169487,
        12.775413669266062,
        16.180236029532807,
        11.981239882623148,
        13.909558000812906,
        14.180735874366153,
        13.299566452614288,
        10.978300267586263,
        10.911771695655451,
        10.473952536845825,
        11.860873019888114,
        11.329195926006378,
        14.210982815434086,
        10.410232177299271,
        11.51608709464043,
        11.775242514953526,
        9.56240974435647,
        9.190577953171312,
        8.84383159240334,
        9.788315131128567,
        11.29363699971166,
        10.860205745468885,
        9.879506602418331,
        9.148886024439829,
        9.019273701252581,
        10.213288589516894,
        8.900037918674801,
        7.9752719789055675,
        11.573507688689146,
        7.133572465051654,
        8.798294611650904,
        8.794371995415501,
        8.78207981261959,
        9.145463891298181,
        6.803847668100571,
        5.355064585403135,
        6.587668736865561,
        5.437870783378967,
        5.732040435290788,
        6.888857368453733,
        4.9608479558374965,
        6.6863139352536844,
        4.028067305788877,
        6.167937940687351,
        4.663037827520343,
        6.060887690110609,
        4.359939564972349,
        3.2913435875961716,
        5.36566683787666,
        3.582938689319775,
        4.9099595290641735,
        3.888359127493212,
        4.2366900282071835,
        4.957369782550907,
        4.59104320844179,
        3.875358589508813,
        4.183282606614244,
        4.397524274638032,
        2.285288993706871,
        4.181848444289016,
        3.1326814300357997,
        3.2847060299443913,
        2.9166162273302314,
        3.8040893897459274,
        2.4247240490123945,
        2.9688068603089457,
        3.433676441953644,
        2.063264629360178,
        3.548566689416718,
        2.7765588161589934,
        2.414892978741065,
        1.7699268536483612,
        2.0475872533797523,
        2.776680688930952,
        3.275775092381784,
        2.8287889099318106,
        2.843700630160321,
        3.476150896653687,
        3.1579019676190336,
        2.8330646372535098,
        1.9381464737135814,
        2.3310588610132,
        1.9738354170227752,
        4.044845027106581,
        3.464878780233096,
        1.931337596103129,
        1.9262223331152486,
        2.8740637236393956,
        2.518571609870821,
        4.116436894001589,
        1.7345584444553928,
        1.5838172414301872,
        2.8113304171993834,
        4.444065275668922
    ],
    "GECAM-BLG": [
        -0.2541219322504494,
        0.8257465544485587,
        0.45162573036505826,
        0.07330671509231786,
        0.5229048297992963,
        -0.5455835728758436,
        -0.8883770357817632,
        1.1860974500880854,
        -0.06263454540986396,
        -0.04520333811603371,
        -0.04600221007903715,
        0.5845514340327413,
        0.2984155387594258,
        -0.3970514562407687,
        -0.24189275503391658,
        0.23930366327899677
    ],