{
    "LEIA": [
        25.31816744470299,
        45.01467087164032,
        71.6215015070727,
        72.15314361882393,
        78.07482065013075,
        81.77996541257018,
        83.46505154295232,
        84.58303942517533,
        85.25189425849669,
        85.18890309659263,
        82.80441148535337,
        80.5052793836064,
        77.852602286632,
        74.65491302894434,
        71.11641642226392,
        64.49399568093885,
        57.591404688583516,
        50.41807075648416,
        37.47887450515187,
        26.177628731330625
    ],
    "GBM-na": [
        7.388174057006836,
        6.413295745849609,
        5.570896625518799,
        4.837752819061279,
        4.246071815490723,
        3.7573750019073486,
        3.3459415435791016,
        2.9946727752685547,
        2.6925857067108154,
        2.4122836589813232,
        2.1548213958740234,
        1.9359662532806396,
        1.7486836910247803,
        1.5870109796524048,
        1.446226716041565,
        1.3146103620529175,
        1.1919188499450684,
        1.0845253467559814,
        0.9898673295974731,
        0.8933417201042175,
        0.8147931694984436,
        0.7613543272018433,
        0.7122922539710999,
        0.6670016050338745,
        0.6229922771453857,
        0.5804869532585144,
        0.5415825247764587,
        0.5059565901756287,
        0.47177332639694214,
        0.4391254782676697,
        0.40941616892814636,
        0.38235175609588623,
        0.35661599040031433,
        0.3322281539440155,
        0.3101111948490143,
        0.28924286365509033,
        0.2696050703525543,
        0.25185561180114746,
        0.23521217703819275,
        0.2196378856897354,
        0.20559726655483246,
        0.19248495995998383,
        0.18023130297660828,
        0.16914179921150208,
        0.1587509661912918,
        0.14900407195091248,
        0.14013192057609558,
        0.1317882537841797,
        0.12393362075090408,
        0.11654654890298843,
        0.10959132015705109,
        0.103047214448452,
        0.09688373655080795,
        0.09108477830886841,
        0.08562624454498291,
        0.08061198145151138,
        0.07588598132133484,
        0.07142998278141022,
        0.06723268330097198,
        0.06319248676300049,
        0.05939474701881409,
        0.05582743510603905,
        0.05247458815574646,
        0.04932524636387825,
        0.04636528715491295,
        0.04358486831188202,
        0.040924008935689926,
        0.03842766210436821,
        0.03608651086688042,
        0.03385239839553833,
        0.03175915405154228,
        0.02979840710759163,
        0.02793155051767826,
        0.026157457381486893,
        0.02449897490441799,
        0.022948741912841797,
        0.021477876231074333,
        0.020084504038095474,
        0.01878405176103115,
        0.01757035404443741,
        0.01642191968858242,
        0.015336690470576286,
        0.014312490820884705,
        0.013347038067877293,
        0.012437987141311169,
        0.011582961305975914,
        0.010779563337564468,
        0.01002540998160839,
        0.009318134747445583,
        0.008655405603349209,
        0.008034949190914631,
        0.007454543374478817,
        0.006906747352331877,
        0.006390709429979324,
        0.005683527328073978,
        0.0050467438995838165,
        0.004656650125980377,
        0.004291484598070383,
        0.0037917536683380604,
        0.0033426708541810513,
        0.0029396021272987127,
        0.002577634062618017,
        0.0023587073665112257,
        0.00206008180975914,
        0.0011148866033181548
    ],
    "GBM-b1": [
        0.013091588392853737,
        0.010244753211736679,
        0.008127097971737385,
        0.006520790047943592,
        0.0052824197337031364,
        0.0043145399540662766,
        0.0034417384304106236,
        0.002681204816326499,
        0.0021080535370856524,
        0.0016705625457689166,
        0.0013329529901966453,
        0.0010699501726776361,
        0.0008633737452328205,
        0.0006999397883191705,
        0.0005167566705495119,
        0.00033916710526682436,
        8.864281704490384e-12
    ],
    "GECAM-BHG": [
        0.6568959951400757,
        0.6301017999649048,
        0.604782223701477,
        0.5808286666870117,
        0.5581420063972473,
        0.5366329550743103,
        0.5162190198898315,
        0.4968256652355194,
        0.4783841371536255,
        0.46083199977874756,
        0.44411179423332214,
        0.42817071080207825,
        0.41296038031578064,
        0.39843621850013733,
        0.38455700874328613,
        0.3712848424911499,
        0.35858476161956787,
        0.3464241921901703,
        0.3347731828689575,
        0.32360392808914185,
        0.3128904700279236,
        0.3026088774204254,
        0.29273661971092224,
        0.2832529842853546,
        0.27413851022720337,
        0.26537489891052246,
        0.2569452226161957,
        0.24883359670639038,
        0.24102507531642914,
        0.23350563645362854,
        0.2262621968984604,
        0.219282329082489,
        0.21255439519882202,
        0.2060675024986267,
        0.19981124997138977,
        0.19377581775188446,
        0.18795202672481537,
        0.18233107030391693,
        0.17690464854240417,
        0.1716650277376175,
        0.1666046380996704,
        0.16171644628047943,
        0.15699365735054016,
        0.15242993831634521,
        0.14801914989948273,
        0.1437554657459259,
        0.13963337242603302,
        0.1356475055217743,
        0.1317928582429886,
        0.1280646026134491,
        0.12445803731679916,
        0.12096881866455078,
        0.11759265512228012,
        0.11432553082704544,
        0.11116348952054977,
        0.10810282826423645,
        0.10513995587825775,
        0.10227145254611969,
        0.09949395805597305,
        0.09680436551570892,
        0.09419955313205719,
        0.09167660772800446,
        0.08923272043466568,
        0.08686515688896179,
        0.08457130938768387,
        0.08234868198633194,
        0.08019480854272842,
        0.07810738682746887,
        0.07608413696289062,
        0.07412292063236237,
        0.07222164422273636,
        0.07037828862667084,
        0.0685909241437912,
        0.06685766577720642,
        0.06517673283815384,
        0.06354635208845139,
        0.06196486949920654,
        0.06043066456913948,
        0.05894216150045395,
        0.05749787390232086,
        0.05609634518623352,
        0.05473615601658821,
        0.053415972739458084,
        0.05213448032736778,
        0.050890419632196426,
        0.049682579934597015,
        0.04850977286696434,
        0.04737088456749916,
        0.04626479744911194,
        0.0451904721558094,
        0.04414687305688858,
        0.043133024126291275,
        0.04214797168970108,
        0.041190799325704575,
        0.040260616689920425,
        0.03935656696557999,
        0.03847411274909973,
        0.03760578855872154,
        0.036748260259628296,
        0.035901620984077454,
        0.03506596013903618,
        0.03424137458205223,
        0.03342793881893158,
        0.0326257161796093,
        0.03183477371931076,
        0.031055178493261337,
        0.03028697706758976,
        0.02953021228313446,
        0.02878493443131447,
        0.028051160275936127,
        0.027328932657837868,
        0.026265643537044525,
        0.02523166500031948,
        0.024555742740631104,
        0.02389140985906124,
        0.02323864959180355,
        0.022279825061559677,
        0.02134963870048523,
        0.020742977038025856,
        0.019853241741657257,
        0.018708394840359688,
        0.01733899861574173,
        0.016297608613967896,
        0.015792695805430412,
        0.014822697266936302,
        0.012621728703379631
    ],
    "GECAM-BLG": [
        6.51870414003497e-06
    ],