{
    "LEIA": [
        2.120912306763859,
        3.9528478998388064,
        2.8747974990229985,
        6.324553812445625,
        4.7380358989230515,
        8.29156988334574,
        7.905701689885603,
        8.291545172591942,
        6.009257856648194,
        6.633240091784734,
        4.517543822791773,
        3.1622769062228127,
        4.841226585722953,
        3.6055547139889166,
        3.513640541515911,
        1.559023849205767,
        2.108185441865971,
        1.060455781569671,
        0.42923233855679294,
        0.5286033047246512
    ],
    "GBM-na": [
        2.3548570997995526,
        2.561971100318309,
        2.6704219699030007,
        2.9274845457129155,
        3.2273070185985433,
        3.3320086557443958,
        3.4011721303884914,
        3.4790410914213052,
        3.541000890370329,
        3.308001851965284,
        3.1974196433663216,
        3.1233217877630044,
        3.1626680216262435,
        3.0718298834980766,
        2.9302176551903747,
        2.553900144722068,
        2.4841471228686745,
        2.344736113479572,
        2.1765895459564293,
        1.4700576066427749,
        2.302214741970023,
        2.0195328522572886,
        1.9145085569941107,
        1.7009640989638646,
        1.5245293467651662,
        1.5109147780790744,
        1.4053663639903007,
        1.411410149593643,
        1.2484365045788655,
        1.2140355117896213,
        1.178728197386998,
        1.1193244754026943,
        1.0405592364352456,
        1.0260294828233734,
        1.0276413260082669,
        0.9578807127576728,
        0.881553923319704,
        0.8973929010289667,
        0.8096593515954603,
        0.8085882629432732,
        0.7961506568371484,
        0.730205237949667,
        0.7225621934453824,
        0.7124051191707359,
        0.6925031338058154,
        0.6329566820193145,
        0.5992650898013169,
        0.6107914001880255,
        0.6054477357820627,
        0.5473252730346082,
        0.5290472526302314,
        0.5128939113445303,
        0.47878555906433523,
        0.45562498972961474,
        0.4436994340483087,
        0.415572906486908,
        0.4128683375115594,
        0.3839207867159057,
        0.3817743522794765,
        0.35513818050397933,
        0.32873046969634095,
        0.31767509938930394,
        0.3016040938325472,
        0.30375005654623355,
        0.2680449267281908,
        0.2521117325796697,
        0.2481523956452085,
        0.23019828586756935,
        0.22947771857031948,
        0.19044207591599063,
        0.19493944358509102,
        0.18192467907106563,
        0.17042757683985843,
        0.1525321159112489,
        0.1587155611850083,
        0.13710013159465995,
        0.1369674621633208,
        0.12349352206802112,
        0.12185369607332296,
        0.10734395240366192,
        0.10541078580730762,
        0.10350210112494225,
        0.08696998054205082,
        0.09506544123745515,
        0.07650188037750973,
        0.07514756634893309,
        0.07444611643657705,
        0.06378695782646869,
        0.06830796483873748,
        0.06884073637428641,
        0.05285376450928041,
        0.05163293024092944,
        0.04993897236377795,
        0.052592188202426185,
        0.029503212559362828,
        0.043190436404496144,
        0.03888036254271255,
        0.039435526396362885,
        0.02656071056855582,
        0.03572889705584931,
        0.020833087401068876,
        0.029807720095646265,
        0.030475270325874278,
        0.018064147437001996,
        0.00528109231757471
    ],
    "GBM-b1": [
        0.09639718276335785,
        0.09196142459798458,
        0.0849216813656443,
        0.07251422767294019,
        0.07126305475854389,
        0.06721276613729715,
        0.054765918788791994,
        0.049017306518061306,
        0.04268565646799593,
        0.03573470431480419,
        0.03625253512149114,
        0.034534083635976265,
        0.034905380423918324,
        0.03559603013978673,
        0.022305978693304786,
        0.022676963659017845,
        0.0001978826305266193
    ],
    "GECAM-BHG": [
        2.1242981057105497,
        2.0518474778368856,
        2.0097772733327117,
        1.9034561459713626,
        1.8473920117501454,
        1.7785528170131064,
        1.6912652279141718,
        1.6628771975195498,
        1.6770147210163573,
        1.577198286272319,
        1.5586648060444952,
        1.559584780352395,
        1.5718207891204512,
        1.512546235899424,
        1.4699191068309938,
        1.3482775441379737,
        1.3166999931863757,
        1.331458257747833,
        1.3022414439145469,
        1.2417386043515837,
        1.1982322490964306,
        1.212994693768168,
        1.1487501577171493,
        1.106924595751474,
        1.1248752326360996,
        1.1259083264845442,
        1.0334749492175181,
        1.0338397334004203,
        1.0437148577574245,
        1.032577383706888,
        1.0132670078132477,
        1.0129285766759906,
        0.9765838325655246,
        0.9209371759349412,
        0.9737339213338404,
        0.8878054788789526,
        0.9024579542917424,
        0.8921462385983576,
        0.8760996474930492,
        0.8050818919048343,
        0.7802310813117854,
        0.7825636445394498,
        0.7939496781580092,
        0.7686732657026428,
        0.8131515902143042,
        0.738220374262897,
        0.7372966786060365,
        0.7597856084106744,
        0.6932147551273478,
        0.662437035846474,
        0.6619034495416868,
        0.6846092474136921,
        0.6990670838545734,
        0.6703658342888955,
        0.645633816120006,
        0.6469331557881315,
        0.6198676887662068,
        0.6206916986860148,
        0.6054546469695563,
        0.5861742057679529,
        0.6270687880127097,
        0.5667227249880064,
        0.5644649769719992,
        0.5682154455382051,
        0.5826749014457132,
        0.5785533419710138,
        0.5054515973968919,
        0.48663919608569256,
        0.5269335554047887,
        0.4845923846618455,
        0.48754712111240456,
        0.4974319691354564,
        0.43816107126741216,
        0.4862619220883756,
        0.4231453276517122,
        0.46049814042612774,
        0.4419309680285857,
        0.4632175648974549,
        0.4182322060796963,
        0.38894917173676136,
        0.43208046142015594,
        0.38659300395262497,
        0.41675287901560465,
        0.3676020935212007,
        0.3968227993054503,
        0.3680210885640541,
        0.3851469075285912,
        0.3793964619445553,
        0.36979443297145825,
        0.36559771392378604,
        0.3355694054374859,
        0.3607651751446593,
        0.33731510179389895,
        0.3394256816082581,
        0.33168210369303264,
        0.33758817116438083,
        0.3206619294041088,
        0.32062137021818066,
        0.3324317333964749,
        0.2768036596480978,
        0.28402416322810115,
        0.2824453199328883,
        0.28721453186925633,
        0.2567791012282597,
        0.2711954753778482,
        0.283008014210044,
        0.26654352193446523,
        0.2657788468581569,
        0.2539301989166409,
        0.2570571134737071,
        0.2406966946423935,
        0.1572097780095816,
        0.21625055945592395,
        0.2267413950448057,
        0.21472461773206447,
        0.2407710073133617,
        0.1447526990168848,
        0.20480226349571906,
        0.1765612476581777,
        0.1146023168721366,
        0.11254839233149361,
        0.08869518822788121,
        0.14395570795182083,
        0.13856874559981006,
        0.07188179186388166,
        0.043687872330199086
    ],
    "GECAM-BLG": [
        0.0004506508379395301
    ],