{
    "LEIA": [
        6.470587600061288,
        12.500002607703752,
        9.090907908668356,
        19.999995231629555,
        15.714287319962024,
        27.500026226068712,
        25.000023841880648,
        27.499944269770076,
        18.33335081737914,
        21.99996852879258,
        14.285727909646084,
        9.999997615814777,
        13.749992623929165,
        11.000010490427485,
        11.111106990297692,
        4.166666501098216,
        6.666667726304964,
        3.2352926656868135,
        1.3095239433301686,
        1.9230769936149668
    ],
    "GBM-na": [
        36.15211215295315,
        40.54355755969705,
        53.87011568154539,
        64.56315873124882,
        80.76825769006204,
        88.11576799613076,
        93.68799771729557,
        103.26085786298242,
        110.17708691141893,
        117.46844664813828,
        111.39875191359516,
        108.1229775246585,
        113.6039283414774,
        108.43147369953246,
        101.56819505912762,
        88.60450865234306,
        86.37582797302072,
        77.68498284566894,
        67.7646099872698,
        42.08705926897613,
        66.10554690944667,
        51.81094087943915,
        48.96905319063843,
        38.430854079691585,
        35.57259535311779,
        36.12663678887664,
        31.93997351305897,
        33.458402431355125,
        28.742761540608676,
        27.456360461472677,
        26.39785954234863,
        24.33361881573387,
        23.276840110594723,
        22.660791088134676,
        22.707323534458745,
        21.255379365382083,
        17.83629061250917,
        19.254895585178055,
        16.992261250116528,
        17.24978514334244,
        16.811950591319427,
        14.91447103222281,
        14.55659509749564,
        14.23867878118,
        14.323405850148186,
        11.682844961895032,
        10.568433567452988,
        11.878873671896796,
        11.749009828042984,
        10.020866210001275,
        9.481372541125653,
        9.40162060938637,
        8.141468504663138,
        7.738340700873456,
        7.463651375978601,
        6.408719156043521,
        6.795960438335632,
        5.843041453786022,
        6.070756769662536,
        5.580594761240604,
        4.658572215237344,
        4.590611687955352,
        4.122625687254124,
        4.3844693053790245,
        3.2308706882452016,
        2.943890951663632,
        2.9905593861398296,
        2.5901034724779244,
        2.7896843601361145,
        1.9291876008132285,
        2.091929547187544,
        1.834839454359953,
        1.640669339635418,
        1.321070570867292,
        1.4578035262014803,
        1.0908238679269147,
        1.1487022711830692,
        0.9364817244073745,
        0.9075140985883499,
        0.6832478267877102,
        0.69266892891836,
        0.6917845198749937,
        0.47599518964042903,
        0.6622066999162468,
        0.41949961865976515,
        0.4131327252147124,
        0.41540912316996664,
        0.2896452849473834,
        0.3672671789893592,
        0.3916089814802548,
        0.1953315013542066,
        0.17195047162709234,
        0.18556409846138497,
        0.2530216655117376,
        0.11383152909509517,
        0.13893816906822226,
        0.1030718803788771,
        0.10337080272661514,
        0.09506654679412387,
        0.10918634567837777,
        0.060938520965703964,
        0.08481583377567059,
        0.09066290982525232,
        0.05019760842357247,
        0.018084853369661154
    ],
    "GBM-b1": [
        2.14036678513139,
        1.7312242843886594,
        1.4388003901930446,
        1.0534949171378682,
        1.0323581694433928,
        0.7655836711659952,
        0.5667888927502641,
        0.5166560161405108,
        0.3894359956923932,
        0.20041066642701955,
        0.23565458331278694,
        0.1619252965505826,
        0.15846051344348933,
        0.1664684940540633,
        0.08149748958981985,
        0.08174292622020626,
        0.0004042221217423871
    ],
    "GECAM-BHG": [
        29.56086856425945,
        29.215507593707922,
        28.893948694440542,
        27.75880048657647,
        25.65551375157992,
        23.50266150347364,
        21.777842494721664,
        23.355076275633976,
        23.17848276053857,
        18.957715003278945,
        20.63574913844385,
        19.55414223268244,
        23.35420429736287,
        19.640120763580597,
        18.516604219239074,
        15.465912403768442,
        15.376580340365155,
        17.096283470570548,
        16.40968077948899,
        13.811342554132917,
        13.042638983232138,
        13.410154996792988,
        13.669044352066914,
        11.557560056465451,
        13.437385082131254,
        13.81130420173767,
        10.512478742376524,
        11.050910855256074,
        10.890028152749526,
        10.791286393924052,
        10.975888805605065,
        10.982805465710008,
        10.25579666390754,
        8.643110904716892,
        10.834879106873156,
        7.941687015885251,
        9.126902752771127,
        9.211687279581914,
        8.553529576087517,
        6.991122422801247,
        6.880957887030505,
        6.541049008292585,
        7.336405521612294,
        6.941244184609489,
        8.625511417492065,
        6.260276894581437,
        6.862135819484422,
        6.953463146484482,
        5.596625005636487,
        5.332002945583782,
        5.086638090279352,
        5.5821283039527465,
        6.386819700593287,
        6.09134820281016,
        5.496573209977484,
        5.049723077745818,
        4.939474213939541,
        5.55066533708094,
        4.800718413115318,
        4.270298248386837,
        6.152335064188897,
        3.7654102439603188,
        4.612065458356226,
        4.578914460090175,
        4.54234513440435,
        4.699771201688381,
        3.4744225030711253,
        2.7177578963307303,
        3.323296577162816,
        2.7271748420484556,
        2.858322251985673,
        3.416098460937082,
        2.4467299204058355,
        3.2803883070877786,
        1.9661079710739038,
        2.995634858347868,
        2.2538136532983253,
        2.9157252542343324,
        2.087928383851135,
        1.5692517067891507,
        2.5473721178125843,
        1.694007560209077,
        2.3121630525462007,
        1.8240530248195839,
        1.9800728663832123,
        2.308610838420614,
        2.130657071596592,
        1.792548915347178,
        1.9288124056865636,
        2.021407785979562,
        1.047399483125326,
        1.9112488642825007,
        1.4279195022800857,
        1.4933713570665956,
        1.3227914261198204,
        1.7212903024551154,
        1.0853987273303756,
        1.304667277304931,
        1.4813630662173174,
        0.8738632945775296,
        1.4754588090041367,
        1.1333613110673473,
        0.9677173218792385,
        0.6962880279051978,
        0.7907989760003268,
        1.0527711475766925,
        1.2192945786013096,
        1.0336748109892004,
        1.0201203383793593,
        1.2242088514326186,
        1.0917890837578195,
        0.47635445718233926,
        0.6339981896293557,
        0.7485852011768217,
        0.6222809650464921,
        1.2518853334236464,
        0.5215327028175513,
        0.5655591630840691,
        0.5537532211954456,
        0.4018232324105204,
        0.3393653165789299,
        0.35308528013256746,
        0.43021944008897095,
        0.38665606275468156,
        0.22314243143990958,
        0.14191309686185963
    ],
    "GECAM-BLG": [
        0.0003219125746093834
    ],