{
    "LEIA": [
        0.3277773886785445,
        0.31622776601683794,
        0.31622776601683794,
        0.31622776601683794,
        0.30151134457776363,
        0.30151134457776363,
        0.31622776601683794,
        0.30151134457776363,
        0.3277773886785445,
        0.30151134457776363,
        0.31622776601683794,
        0.31622776601683794,
        0.35208939510976517,
        0.3277773886785445,
        0.31622776601683794,
        0.37416573867739417,
        0.31622776601683794,
        0.3277773886785445,
        0.3277773886785445,
        0.2748737083745107
    ],
    "GBM-na": [
        0.06513746941911917,
        0.06319058451015348,
        0.04957149128264863,
        0.04534295724127886,
        0.03995761591122746,
        0.03781398870507157,
        0.03630317877698231,
        0.033691770177211484,
        0.0321391769344678,
        0.028160769520294934,
        0.028702472769590398,
        0.028886753391994785,
        0.0278394248139,
        0.028329688592172306,
        0.028849756102139624,
        0.028823591299882826,
        0.02875974889230112,
        0.030182617380989672,
        0.03211985646143793,
        0.03492896943090549,
        0.03482634740354943,
        0.03897888781747115,
        0.039096295154836966,
        0.044260377233269,
        0.04285684897690625,
        0.04182273558728511,
        0.04400023573644177,
        0.04218402694179318,
        0.0434348141118951,
        0.044216913363050454,
        0.04465241568150741,
        0.0459990963069969,
        0.044703629508612855,
        0.04527774334235879,
        0.04525594240328693,
        0.045065331288216895,
        0.04942473423826373,
        0.04660596039376904,
        0.04764871135617149,
        0.04687526576267811,
        0.04735623344314536,
        0.04895951297046029,
        0.04963813231087909,
        0.05003309156130122,
        0.04834765844456268,
        0.054178300241403264,
        0.05670330290449475,
        0.05141829242893998,
        0.05153180945827085,
        0.05461855907110635,
        0.055798593540700755,
        0.05455377670020724,
        0.058808255389074374,
        0.05887890018569311,
        0.05944803845961158,
        0.06484492398063915,
        0.0607520219191672,
        0.06570564144588478,
        0.06288744002845278,
        0.06363805216077537,
        0.07056463965957709,
        0.06920103920416665,
        0.07315825318922677,
        0.06927863679501235,
        0.0829636814940976,
        0.08563895087119242,
        0.08297858815153643,
        0.08887609638519234,
        0.08225938455600862,
        0.09871620356450135,
        0.09318642869554271,
        0.0991501892107102,
        0.10387685850076901,
        0.11546098995386031,
        0.10887308085923267,
        0.12568493926999927,
        0.11923669483325348,
        0.13186965516723825,
        0.13427195925977126,
        0.1571083700453751,
        0.15218061819506223,
        0.14961609887374352,
        0.18271188960491117,
        0.1435585614725412,
        0.1823646005255526,
        0.18189691051435727,
        0.17921155864002788,
        0.2202243956363942,
        0.18598984267177485,
        0.17578947273903983,
        0.2705849499074777,
        0.3002779216151577,
        0.26911979622054977,
        0.2078564619992451,
        0.25918313488274203,
        0.31086084331000874,
        0.37721600110324993,
        0.38149579335915634,
        0.2793907159168798,
        0.3272286185041242,
        0.3418705782635204,
        0.35144051256378267,
        0.33613823320488667,
        0.35986071855405743,
        0.29201742527999597
    ],
    "GBM-b1": [
        0.04503769327435173,
        0.053119301425729806,
        0.05902255931015582,
        0.06883206220865937,
        0.06902939005845825,
        0.08779284181300669,
        0.09662489771641079,
        0.094874161892524,
        0.10960891376284687,
        0.1783073972652905,
        0.15383759828414942,
        0.21327170227036407,
        0.22027809746032653,
        0.2138304328519146,
        0.2737014208115081,
        0.27741805569730466,
        0.48953933959292545
    ],
    "GECAM-BHG": [
        0.071861829806954,
        0.07023145058341505,
        0.06955703059441685,
        0.0685712679440825,
        0.07200760154866824,
        0.07567452804229174,
        0.07765990723480008,
        0.07119981874152156,
        0.07235222159888219,
        0.08319559008031956,
        0.07553226178451376,
        0.07975725868178114,
        0.06730354710898626,
        0.07701308225681557,
        0.07938383784774761,
        0.08717736845641585,
        0.08563022232777585,
        0.07787998251431653,
        0.07935812167304693,
        0.08990716141350102,
        0.09187038379555706,
        0.09045344323449304,
        0.08404026851690222,
        0.09577493781935796,
        0.08371236112984025,
        0.08152078254440939,
        0.0983093497303837,
        0.0935524453089495,
        0.09584133696604871,
        0.09568621812208343,
        0.09231753580592053,
        0.09222858219955801,
        0.09522262039402,
        0.10655158612304151,
        0.0898703078944506,
        0.11179053985672462,
        0.09887888353118876,
        0.09684938399676643,
        0.1024255121467397,
        0.11515774481063214,
        0.11338989340167234,
        0.11963885969166939,
        0.10822052786192303,
        0.1107399833889993,
        0.09427285535386078,
        0.1179213614180327,
        0.10744419784180728,
        0.10926722302322193,
        0.1238629985802507,
        0.12423793508875229,
        0.13012591770713847,
        0.12264305120484516,
        0.10945464513263703,
        0.1100521283579933,
        0.11746115105827012,
        0.12811260059767882,
        0.12549264596156748,
        0.11182293670985985,
        0.12611750885356765,
        0.13726774376693435,
        0.10192370562889366,
        0.1505075644538398,
        0.1223887609724383,
        0.12409392018365309,
        0.12827622829283777,
        0.12310244842624891,
        0.14547787350275082,
        0.17905906804381236,
        0.15855748747367154,
        0.17769025190106802,
        0.1705710826600136,
        0.14561406084267375,
        0.17908027674535287,
        0.14823303724066222,
        0.21521978135340494,
        0.15372305444465903,
        0.1960814139988217,
        0.15886872887791875,
        0.20030965109458243,
        0.24785645926273428,
        0.16961811680312386,
        0.2282120889147101,
        0.180243723969496,
        0.20153037686914832,
        0.20040817994253116,
        0.15941235414792893,
        0.18076438140276804,
        0.21165194360739348,
        0.19172130575333446,
        0.18086291962441395,
        0.3203833979716921,
        0.1887588695991684,
        0.23622837369703126,
        0.22728819593472468,
        0.25074406829651497,
        0.1961250642514346,
        0.2954323801289157,
        0.24574953001081826,
        0.22440935715060337,
        0.3167585380524752,
        0.19249887661710033,
        0.2492103066998946,
        0.2967958983223593,
        0.36878287567400353,
        0.34293857681694334,
        0.2688219703413057,
        0.21860469702098204,
        0.25712036709476677,
        0.24892180791146046,
        0.2099781529702946,
        0.2204607998221979,
        0.33002688573438654,
        0.3410901844725252,
        0.30289323738748025,
        0.34506055912544564,
        0.19232672584708937,
        0.2775524875714724,
        0.36212349982786096,
        0.3188446421621103,
        0.2852058010300753,
        0.3316437680375537,
        0.25120046974085186,
        0.33460995607741545,
        0.3583772736229578,
        0.3221341248279749,
        0.3078494747579607
    ],
    "GECAM-BLG": [
        1.3999168516059393
    ],