{
    "LEIA": [
        -0.6525154041394747,
        -0.6805460774679539,
        -0.8327377533818207,
        -0.6842895126367481,
        -0.7724652409322229,
        -0.6230367121122422,
        -0.6644644925599146,
        -0.6337215059674879,
        -0.7537111046300421,
        -0.6953879199908243,
        -0.7907236426092932,
        -0.837380033473964,
        -0.7446113127900393,
        -0.7493501635307831,
        -0.6487958352173447,
        -0.8224958270361781,
        -0.6328174588325514,
        -0.6576302497304616,
        -0.8316351809378839,
        -0.5391648056820315
    ],
    "GBM-na": [
        0.24222074156766893,
        -0.024806746903398617,
        -0.05239948863010613,
        -0.09906644968284722,
        -0.05159798071683702,
        -0.09938856616706908,
        -0.1205310885690301,
        -0.06192312423813207,
        -0.01871521905985298,
        0.03826279326579698,
        -0.002700072038850531,
        -0.002112485735752103,
        0.09268548826000368,
        0.0985307534012555,
        0.09254714114119189,
        0.016868372933565832,
        0.07503890340198051,
        0.06752347550183974,
        0.04420627175714233,
        -0.23944019026363858,
        0.38272207024087695,
        0.16780862223428894,
        0.15886757776198163,
        -0.049193161109588567,
        -0.07298404939398537,
        -0.010360038239019279,
        -0.08404628909024198,
        0.010254339179053253,
        -0.08364495425939979,
        -0.08057935227079759,
        -0.07462972239334255,
        -0.10914529649715998,
        -0.1071504051988396,
        -0.08672631735713872,
        -0.04090014171438772,
        -0.058314485778705225,
        -0.16873443958668555,
        -0.05646460568368357,
        -0.12452999995850267,
        -0.06551413387790714,
        -0.04317316361665651,
        -0.10600005356232209,
        -0.07978659966144955,
        -0.05144169523781628,
        0.006326097668216143,
        -0.13423087436527834,
        -0.17323441853844648,
        -0.013930155760487886,
        0.03756914487199289,
        -0.06022802775557668,
        -0.057391586403152235,
        -0.007579479358719289,
        -0.08516722021051694,
        -0.07360051556738716,
        -0.04639493133934847,
        -0.1244422760154187,
        -0.004602835344442753,
        -0.082025394309774,
        0.02200427429904855,
        0.009935883054419614,
        -0.09078152496251828,
        -0.029241211815395664,
        -0.05206939354728502,
        0.09847837932294981,
        -0.11809942683179434,
        -0.12424129279157252,
        -0.025901149250053143,
        -0.07185419824172823,
        0.1035753076911316,
        -0.15640753395425316,
        0.009122980784877633,
        -0.024857489376013064,
        -0.0370758898948558,
        -0.13957209636529794,
        0.05536021811087805,
        -0.12228728006310498,
        0.02584115591585594,
        -0.07070086660335695,
        0.001231950570891978,
        -0.16119127184860624,
        -0.05227713445916193,
        0.0531525531444374,
        -0.1922012306515909,
        0.25469231770052686,
        -0.10932144846323782,
        -0.009171914535615708,
        0.12121576782079654,
        -0.12046504685565192,
        0.24602164503367102,
        0.4828648100203317,
        -0.17226607035640903,
        -0.18521110720199901,
        -0.01150727102734501,
        0.515710572730635,
        -0.18656955011207466,
        0.19592214562275528,
        0.006043484657626699,
        0.14021145643475177,
        0.25782733418429576,
        0.7327690814470036,
        0.14791117988526042,
        0.89591796133902,
        1.278041975188377,
        0.52617801324016,
        0.2170702898414323
    ],
    "GBM-b1": [
        0.1066043181982979,
        0.15482852342773387,
        0.2222300632424116,
        0.11879350695334889,
        0.36458592390949,
        0.2597964890882775,
        0.18000780727961585,
        0.3933366725315389,
        0.3549033958422394,
        -0.11338778047274703,
        0.3193232442058616,
        0.14141625391500035,
        0.3968921499963244,
        0.8226560230375405,
        0.2239400156230237,
        0.895407013204154,
        0.735376598736624
    ],
    "GECAM-BHG": [
        0.011946818461449571,
        0.04618249119243833,
        0.08138121820213168,
        0.08140449158785444,
        0.03846839930008739,
        -0.01417101321080595,
        -0.05555387474598289,
        0.04571754784150354,
        0.07075294826619533,
        -0.09734148908019571,
        0.01199255870394441,
        -0.012762158581078162,
        0.21340752717852937,
        0.04978004481788346,
        0.01789985918975667,
        -0.12579691716136815,
        -0.10644415334287785,
        0.02128838812092181,
        0.007858346673673204,
        -0.12769170480814787,
        -0.1531596881493122,
        -0.10493018405021562,
        -0.06219616075282962,
        -0.18462417253754326,
        -0.025355361047445978,
        0.029292749865699567,
        -0.19498745607818618,
        -0.12969330835101842,
        -0.11888551550550616,
        -0.10246541666277832,
        -0.060940777953292447,
        -0.03435188018264939,
        -0.07193080648073866,
        -0.19600483553599155,
        0.03678284972687743,
        -0.2185699598310424,
        -0.07653225645418661,
        -0.041516378235924495,
        -0.08479867964681322,
        -0.2307936552713465,
        -0.22114976248534843,
        -0.23886872026707004,
        -0.12113193852964724,
        -0.14526919687366366,
        0.09347078170136856,
        -0.18366612879483124,
        -0.0798301035048119,
        -0.039606234260452386,
        -0.20513285061204303,
        -0.22115040882283224,
        -0.23473979978837575,
        -0.13634920882103096,
        0.016305215992197693,
        -0.0020751530262541344,
        -0.07309097103751155,
        -0.12381697949038992,
        -0.11802042340894879,
        0.020504954814462403,
        -0.0908090393125513,
        -0.16749130339023,
        0.2348990630334638,
        -0.22164478177008187,
        -0.017841742167526455,
        0.005093237620418279,
        0.02857998937451247,
        0.097493186126343,
        -0.16306627942625215,
        -0.32455317562074265,
        -0.14770306093755958,
        -0.2781648363320772,
        -0.21908831708237358,
        -0.03649444747138239,
        -0.2874494568548326,
        -0.013407230012028065,
        -0.3892217298814829,
        -0.038583725724834296,
        -0.2525706855539808,
        -0.0006691556435829477,
        -0.2602856379751034,
        -0.42523253876496303,
        -0.03529566995999812,
        -0.3358408487711977,
        -0.06246446523575491,
        -0.2350819927535988,
        -0.14126098835939446,
        0.03546566773822708,
        -0.011619081232075569,
        -0.13831835875785767,
        -0.04026925467974175,
        0.04086192268999043,
        -0.4418113240563091,
        0.055931556816074854,
        -0.18227373172257194,
        -0.11500581694300001,
        -0.188944600227225,
        0.09551769304056743,
        -0.285639490718403,
        -0.11168863684731564,
        0.04695796117157166,
        -0.35988992990967583,
        0.12015349181228951,
        -0.10756610790948049,
        -0.20694542253535114,
        -0.4075560912533471,
        -0.3010178001860587,
        -0.032832903832936175,
        0.16502168606802783,
        0.029527762515269788,
        0.05778060660519768,
        0.3226399444510394,
        0.23006916443184364,
        -0.4276233826068673,
        -0.186442071887159,
        0.004282319215950898,
        -0.12684749364902215,
        0.8378732254988551,
        -0.17996400398306955,
        -0.047110049489949964,
        -0.02265926259909302,
        -0.23916941614113368,
        -0.2937354105759509,
        -0.17096353866583827,
        0.11420279323308638,
        0.05175863887751649,
        -0.3298154921654145,
        -0.4525427603461822
    ],