{
    "LEIA": [
        0.17000001668930054,
        0.07999998331069946,
        0.11000001430511475,
        0.050000011920928955,
        0.06999999284744263,
        0.039999961853027344,
        0.039999961853027344,
        0.040000081062316895,
        0.059999942779541016,
        0.05000007152557373,
        0.06999993324279785,
        0.10000002384185791,
        0.08000004291534424,
        0.09999990463256836,
        0.09000003337860107,
        0.24000000953674316,
        0.1499999761581421,
        0.3400001525878906,
        0.8399999141693115,
        0.7799999713897705
    ],
    "GBM-na": [
        0.8351774215698242,
        0.8295650482177734,
        0.9941816329956055,
        0.999852180480957,
        1.0130224227905273,
        1.0336952209472656,
        1.061781883239746,
        1.0928239822387695,
        1.1203022003173828,
        1.3363018035888672,
        1.3616580963134766,
        1.3811168670654297,
        1.3998584747314453,
        1.4205894470214844,
        1.4433403015136719,
        1.6799736022949219,
        1.71533203125,
        1.7536945343017578,
        1.7950706481933594,
        2.4498977661132812,
        1.5385589599609375,
        1.5647659301757812,
        1.6055564880371094,
        1.6443634033203125,
        1.8701629638671875,
        1.91290283203125,
        1.9529075622558594,
        1.9902000427246094,
        2.229034423828125,
        2.267230987548828,
        2.3018035888671875,
        2.3327560424804688,
        2.5758590698242188,
        2.6036720275878906,
        2.626781463623047,
        2.8662872314453125,
        2.8819122314453125,
        2.8915328979492188,
        3.1178665161132812,
        3.1146240234375,
        3.1045150756835938,
        3.3134307861328125,
        3.3017501831054688,
        3.2917251586914062,
        3.5019760131835938,
        3.4944686889648438,
        3.4889602661132812,
        3.7032394409179688,
        3.7016983032226562,
        3.9204559326171875,
        3.9242935180664062,
        4.149589538574219,
        4.158775329589844,
        4.387603759765625,
        4.3977508544921875,
        4.4078216552734375,
        4.6389617919921875,
        4.64990234375,
        4.8829803466796875,
        5.1175689697265625,
        5.1303863525390625,
        5.3669891357421875,
        5.3806915283203125,
        5.619354248046875,
        5.6339569091796875,
        5.8746795654296875,
        6.1170196533203125,
        6.133544921875,
        6.3780059814453125,
        6.6241455078125,
        6.6425933837890625,
        6.890838623046875,
        7.1407928466796875,
        7.3924560546875,
        7.4138031005859375,
        7.6675872802734375,
        7.923004150390625,
        8.180206298828125,
        8.204315185546875,
        8.46343994140625,
        8.72430419921875,
        8.98675537109375,
        9.2508544921875,
        9.516571044921875,
        9.78387451171875,
        10.052703857421875,
        10.323028564453125,
        10.594818115234375,
        10.868011474609375,
        11.142608642578125,
        11.418426513671875,
        11.69549560546875,
        12.21844482421875,
        12.499114990234375,
        25.844024658203125,
        13.346466064453125,
        13.878509521484375,
        14.164154052734375,
        29.43658447265625,
        15.27386474609375,
        31.9127197265625,
        16.64013671875,
        16.92767333984375,
        35.4749755859375,
        160.5181884765625,
        68.58892822265625
    ],
    "GBM-b1": [
        34.415771484375,
        34.38946533203125,
        34.36529541015625,
        34.343231201171875,
        34.323211669921875,
        34.305389404296875,
        45.71630859375,
        45.6932373046875,
        45.67523193359375,
        45.662109375,
        45.65399169921875,
        45.65087890625,
        45.6527099609375,
        45.65960693359375,
        91.35968017578125,
        102.88592529296875,
        344.4788818359375,
        698.780029296875,
        862.482177734375,
        1127.37255859375,
        1435.2041015625,
        1906.30712890625,
        2617.92041015625,
        3863.974609375,
        6203.8115234375,
        16251.98046875
    ],
    "GECAM-BHG": [
        1.0674362182617188,
        1.0766143798828125,
        1.0859642028808594,
        1.0954971313476562,
        1.1052169799804688,
        1.1151466369628906,
        1.1252822875976562,
        1.1356353759765625,
        1.146209716796875,
        1.1570091247558594,
        1.1680374145507812,
        1.1792984008789062,
        1.1907844543457031,
        1.2025032043457031,
        1.2144508361816406,
        1.2266273498535156,
        1.2390251159667969,
        1.25164794921875,
        1.2644767761230469,
        1.27752685546875,
        1.290771484375,
        1.304229736328125,
        1.3178634643554688,
        1.3316879272460938,
        1.3456802368164062,
        1.3598556518554688,
        1.3741836547851562,
        1.3886642456054688,
        1.4032745361328125,
        1.4180221557617188,
        1.4328842163085938,
        1.4478683471679688,
        1.4629440307617188,
        1.4781036376953125,
        1.49334716796875,
        1.5086517333984375,
        1.524017333984375,
        1.5394287109375,
        1.5548629760742188,
        1.5703201293945312,
        1.5857925415039062,
        1.6012649536132812,
        1.6167144775390625,
        1.6321563720703125,
        1.647552490234375,
        1.66290283203125,
        1.6782073974609375,
        1.6934356689453125,
        1.7086029052734375,
        1.723663330078125,
        1.7386398315429688,
        1.753509521484375,
        1.7682723999023438,
        1.7828903198242188,
        1.797393798828125,
        1.8117599487304688,
        1.825958251953125,
        1.8400115966796875,
        1.8538970947265625,
        1.86761474609375,
        1.8811569213867188,
        1.894500732421875,
        1.9076690673828125,
        1.920623779296875,
        1.933380126953125,
        1.9459381103515625,
        1.9582672119140625,
        1.97039794921875,
        1.982269287109375,
        1.99395751953125,
        2.0053863525390625,
        2.0165863037109375,
        2.0275421142578125,
        2.03826904296875,
        2.0487518310546875,
        2.0589752197265625,
        2.0689544677734375,
        2.0786895751953125,
        2.088165283203125,
        2.0973968505859375,
        2.106353759765625,
        2.1150665283203125,
        2.12353515625,
        2.1317138671875,
        2.1396636962890625,
        2.1473388671875,
        2.154754638671875,
        2.16192626953125,
        2.1688385009765625,
        2.17547607421875,
        2.1818695068359375,
        2.188018798828125,
        2.193878173828125,
        2.19952392578125,
        2.20489501953125,
        2.21002197265625,
        2.23394775390625,
        2.2755279541015625,
        2.3179168701171875,
        2.361083984375,
        2.405059814453125,
        2.4498443603515625,
        2.495452880859375,
        2.5419464111328125,
        2.589263916015625,
        2.6374969482421875,
        2.686614990234375,
        2.73663330078125,
        2.7876129150390625,
        2.839508056640625,
        2.8924102783203125,
        5.9473876953125,
        3.0570220947265625,
        3.11395263671875,
        3.17193603515625,
        3.2310028076171875,
        6.643646240234375,
        3.4149169921875,
        3.478485107421875,
        7.152557373046875,
        7.421417236328125,
        11.658477783203125,
        4.03179931640625,
        4.09619140625,
        12.59881591796875,
        31.315399169921875
    ],