{
    "LEIA": [
        3.1656079524213565,
        3.130341903689365,
        5.978635467469035,
        3.1674589221023073,
        4.834426197152308,
        2.918056042442863,
        2.9803105120806443,
        3.0031793237152504,
        4.46629962080774,
        3.611150286511504,
        4.778370631389852,
        6.149306394303657,
        4.307160242754471,
        4.3885925301016275,
        2.847346644134633,
        5.633670371252711,
        2.723441035133431,
        3.212900669916077,
        6.533431426634138,
        3.2549597307123754
    ],
    "GBM-na": [
        24.30600842657219,
        34.489080164501985,
        56.51820459712187,
        71.65191596367198,
        86.27149080892815,
        101.13667764581723,
        113.10942019698564,
        120.29498308181525,
        125.78574058100142,
        151.18840638306912,
        152.09768717467742,
        149.64659427244663,
        145.53997793531602,
        140.22056896051154,
        134.17953675455698,
        146.38397608022888,
        137.82126765738144,
        127.61848609439845,
        116.49256058357567,
        135.56986730745518,
        73.55583865304857,
        69.42232961372427,
        67.84431851575368,
        66.46385724437522,
        71.76419166740848,
        69.830189256138,
        68.09931011682983,
        65.91301949021197,
        69.91679175850389,
        67.70558329020234,
        65.66310730245661,
        63.71902859649509,
        67.15337058429907,
        64.60414769475172,
        62.190788616554194,
        64.69678205138428,
        61.83658571665765,
        59.00802912800355,
        60.51561147986373,
        57.49321327838053,
        54.5479621575834,
        55.277483711234304,
        52.22945081093809,
        49.411635463237644,
        49.844900008595665,
        47.15499168146308,
        44.59891124968896,
        44.611762292940796,
        41.91652186262598,
        41.80414562602501,
        39.4731134040417,
        39.31082209096622,
        37.01063091728866,
        36.65025005308009,
        34.42020213089086,
        32.26342513434534,
        31.671981730266086,
        29.597302563897397,
        29.005148746629295,
        28.278110582990987,
        26.286614242397647,
        25.37990215029837,
        23.40105589886393,
        22.42910436871628,
        20.64017961946986,
        19.747923571002172,
        18.77972705270627,
        17.116401292396617,
        16.12270899076003,
        15.148569829642746,
        13.770211990111353,
        12.965881849518874,
        12.166773851945626,
        11.35011556345755,
        10.240928279392614,
        9.529299308020088,
        8.871912390784518,
        8.2434314478855,
        7.436370459313568,
        6.893856433585463,
        6.376394054587049,
        5.903131726798822,
        5.451063316049202,
        5.022695219594375,
        4.60809527702162,
        4.191545436912664,
        3.8246699408738483,
        3.4890473664315222,
        3.2033664354168665,
        2.942645608734403,
        2.69455958508137,
        2.4681804121886914,
        2.2936989134586225,
        2.086511072199178,
        3.616615096250622,
        1.550547053011271,
        1.4218908974122146,
        1.2841126670949017,
        2.2248160452354515,
        0.9624464643719961,
        1.6941327641082364,
        0.7444135762842543,
        0.6736979117492655,
        1.1668094533206088,
        3.404379061780435
    ],
    "GBM-b1": [
        66.56613656610398,
        51.553868216937936,
        40.45457719642541,
        32.33878216459282,
        25.96674005507981,
        20.847530683251705,
        21.95874956812123,
        16.943274669940507,
        13.128300867149944,
        10.321506481364162,
        8.15461444925934,
        6.4761931322906685,
        5.178747593732194,
        4.1702251600214675,
        6.083292064166207,
        4.437145447775621,
        8.225314259032814
    ],
    "GECAM-BHG": [
        31.18181822710766,
        30.065343145927045,
        29.016403682511005,
        28.120547435534608,
        27.30454720382377,
        26.585659669672747,
        25.947716620480264,
        25.363302817273638,
        24.81188793713539,
        24.299609407065702,
        23.817692001466412,
        23.358270619385422,
        22.918782682663913,
        22.497387208421735,
        22.092060701530436,
        21.700805587759426,
        21.321520429494075,
        20.952483543432226,
        20.58787360122438,
        20.227207651513307,
        19.879859573243948,
        19.54028904105938,
        19.208637659986856,
        18.876035660163584,
        18.55283743103407,
        18.24687882109217,
        17.945156964477437,
        17.632870036873076,
        17.343602305312412,
        17.04924075332807,
        16.747801906712365,
        16.467340504854537,
        16.16652790001061,
        15.889913564073387,
        15.606195679061639,
        15.33245366409591,
        15.062310619973323,
        14.79496942083028,
        14.531847973604137,
        14.272243518036746,
        14.01010254612676,
        13.761032841168984,
        13.495624132756383,
        13.254694793457476,
        12.996216317113413,
        12.752419744546986,
        12.51517479381119,
        12.260848555057045,
        12.030198696372683,
        11.80019615761819,
        11.556633403850972,
        11.333649237750995,
        11.11244616479304,
        10.882789198408048,
        10.658550401085963,
        10.441752248427054,
        10.22617069673322,
        10.008073494727684,
        9.788964368877348,
        9.579806206689868,
        9.372027265337332,
        9.164931766339711,
        8.958123134929266,
        8.749807148475481,
        8.53806208884157,
        8.333048447961259,
        8.129494009915494,
        7.928180860609561,
        7.729311739770239,
        7.533396898742158,
        7.340190396274845,
        7.149784814809485,
        6.962099746553455,
        6.777177107567088,
        6.594974809773864,
        6.415470702675076,
        6.23876764985663,
        6.064946083010081,
        5.89408532374231,
        5.72639164458591,
        5.56198067199944,
        5.394698970406049,
        5.2370916589298595,
        5.083367224535301,
        4.933617747391099,
        4.787575230166071,
        4.645014003472262,
        4.497436644840613,
        4.358808579398277,
        4.224887258122696,
        4.094115649772528,
        3.9603404380663108,
        3.8309658764355388,
        3.7115566326076435,
        3.5960752226633956,
        3.472412553363536,
        3.3942582456732384,
        3.3420791216408907,
        3.2796698332674943,
        3.223296626264662,
        3.1679289627312714,
        3.111220719839456,
        3.045052695441646,
        2.987501141488208,
        2.929383972760379,
        2.8709420532760985,
        2.811771773483112,
        2.7476567538312056,
        2.6883652549528105,
        2.6281913768273952,
        2.5672556136935896,
        4.94965124563717,
        2.382309122362531,
        2.3211190881395494,
        2.260584952417648,
        2.2008291817890133,
        4.225276447695792,
        2.0268212452753316,
        1.970881044248449,
        3.7775344269973945,
        3.566045427712422,
        4.965326720826054,
        1.5567708634280284,
        1.5058751912135537,
        4.194860347164686,
        8.117648199298829
    ],
    "GECAM-BLG": [
        2.0491861195002956
    ],