{
    "LEIA": [
        18.62122142144821,
        39.12928195912139,
        54.35122445425939,
        63.34916333842863,
        69.06323844472976,
        72.95147063301546,
        74.50783385822363,
        75.07933094026833,
        74.43839800345066,
        72.22290241453945,
        68.2625026914792,
        61.49304928195114,
        53.83947415268631,
        43.885967153936,
        31.637173201444995,
        23.473625614128217,
        18.15627645341863,
        9.449703611781576,
        7.777895350257442,
        4.173025448850758
    ],
    "GBM-na": [
        29.102808336084923,
        41.574895469135136,
        56.84897278460555,
        71.6625090812978,
        85.16246913003165,
        97.83993927449603,
        106.52792440935441,
        110.07718080580352,
        112.27840179673501,
        113.13941654275014,
        111.70035090781113,
        108.35186930300316,
        103.96763713077283,
        98.70590637886873,
        92.96458819437044,
        87.13468823573274,
        80.34669973308203,
        72.77121733472835,
        64.89580825179169,
        55.336948824005155,
        47.80826771495067,
        44.365951657654996,
        42.255952388630995,
        40.419202416066206,
        38.37322899337714,
        36.50482820498915,
        34.87072887267965,
        33.11879111407123,
        31.366402874312445,
        29.862675511241527,
        28.526807248038107,
        27.314913105418988,
        26.070281317402095,
        24.812705674993435,
        23.67566144264478,
        22.571632508288854,
        21.45679005833078,
        20.407178894576717,
        19.40930157436702,
        18.459118290279964,
        17.57052577545377,
        16.682854503126663,
        15.818716715209979,
        15.010863022015108,
        14.233364198083818,
        13.494180626191751,
        12.782865910758098,
        12.046685882639638,
        11.323592153940242,
        10.66308264766484,
        10.058654690919004,
        9.473424232815386,
        8.89940619151908,
        8.353135802545182,
        7.8267740192083695,
        7.319584969084664,
        6.827385770871946,
        6.365144980663852,
        5.940050274081508,
        5.525692130437847,
        5.123710464688147,
        4.728890166979749,
        4.34907962586159,
        3.9914024599022193,
        3.6635316798110016,
        3.3615320378002207,
        3.070077932888879,
        2.7906213307987318,
        2.527860437519766,
        2.286871538642465,
        2.0730174488351056,
        1.8816115945820597,
        1.7038407517455025,
        1.5353646311174929,
        1.3813326494445528,
        1.2428028478444995,
        1.119766217760609,
        1.0077290409004027,
        0.9063974617179315,
        0.8145454426702068,
        0.7308770887606196,
        0.6568701920813907,
        0.5892497088407039,
        0.5277841352610433,
        0.4709887960543873,
        0.4169570193613195,
        0.37049882376998583,
        0.32931640057270944,
        0.2947518451651252,
        0.264089469811402,
        0.23598344148863537,
        0.21103683806563817,
        0.18772429277678407,
        0.16693270474184613,
        0.13994008843752886,
        0.11617660027181173,
        0.10245270900387987,
        0.09065932651636227,
        0.07557996571586255,
        0.06301263500569751,
        0.053086442604204864,
        0.04473602524223577,
        0.03979861249824213,
        0.03289105726074522,
        0.014859333532837585
    ],
    "GBM-b1": [
        1.9341753415676146,
        1.4991180502279955,
        1.177192767109738,
        0.9416348151739823,
        0.7565358482415848,
        0.6077042425479793,
        0.480326392125266,
        0.37080486455710937,
        0.28742713088434674,
        0.22604094779325254,
        0.17861777570259832,
        0.14186349282760516,
        0.11343790101755978,
        0.09133291852657742,
        0.06658617951005963,
        0.043126845923198945,
        0.00023293049015220437
    ],
    "GECAM-BHG": [
        29.21187954244809,
        27.925823496059564,
        26.71948449639125,
        25.669211384370612,
        24.70514631824268,
        23.840505623618228,
        23.058851015842034,
        22.33401966318905,
        21.646900714184415,
        21.002089687229706,
        20.39120639866363,
        19.80692130335884,
        19.246793656923433,
        18.70879605735674,
        18.190988093836854,
        17.69144116210269,
        17.208303653196847,
        16.7399176074313,
        16.281733274966026,
        15.833097805283742,
        15.401532969927597,
        14.982244689553168,
        14.575590096794496,
        14.17451887485297,
        13.786958389852067,
        13.418246853035491,
        13.058776315661413,
        12.697720195989493,
        12.359379336497083,
        12.023254138909932,
        11.688175301322092,
        11.373506808864676,
        11.050681065080187,
        10.750202596652318,
        10.450480647637466,
        10.163017298603126,
        9.883293505983016,
        9.610688247993153,
        9.34606341344286,
        9.088747734221364,
        8.834763803870652,
        8.593851261227558,
        8.347561873324231,
        8.120971139943245,
        7.888195607816185,
        7.668770236544607,
        7.457466111009976,
        7.240221036972261,
        7.040956479263051,
        6.845998259464826,
        6.646939287934611,
        6.463409008556094,
        6.284351984121195,
        6.104014967943187,
        5.930002878631931,
        5.763319945196806,
        5.600440582798024,
        5.439136097178581,
        5.280209131737787,
        5.129433801444714,
        4.9820550102904875,
        4.8376501573707635,
        4.695847559775753,
        4.555711140720498,
        4.416132125189977,
        4.28227825110829,
        4.151371151217667,
        4.023644494632687,
        3.8992238794363976,
        3.7781130364869298,
        3.6602375332719665,
        3.545489127667086,
        3.433763322396857,
        3.324966903140565,
        3.2190208251717842,
        3.1158561993412763,
        3.015420468180072,
        2.917677634689741,
        2.8226143644631057,
        2.7302375527960585,
        2.640572907666908,
        2.5506048619143287,
        2.4662137773024493,
        2.384638624714722,
        2.3057912119309902,
        2.229538757632906,
        2.1557043758519567,
        2.0802914087425144,
        2.0097432692363384,
        1.9420518148607655,
        1.8764255318411114,
        1.8100120712799264,
        1.746207206096061,
        1.6874363534324064,
        1.6309507667298844,
        1.5712117781299726,
        1.5193991174315002,
        1.4687049287251803,
        1.4149212491393979,
        1.3651766085389365,
        1.3171934201776232,
        1.2699666844929625,
        1.2202405097679112,
        1.1752809297646976,
        1.1313578174248584,
        1.088510094841814,
        1.0465853066791004,
        1.0040281074730797,
        0.9643969004624657,
        0.9255798273510676,
        0.8875834915039966,
        0.8322395477157633,
        0.7792907766260743,
        0.7453931895975691,
        0.7126830198851382,
        0.6811597862436057,
        0.6359875729245228,
        0.5935199156852732,
        0.5665917729655578,
        0.5281375919097627,
        0.48050733628834275,
        0.425898373111781,
        0.38612310317460397,
        0.3676281310770483,
        0.3329567139068894,
        0.25922224894057067
    ],
    "GECAM-BLG": [
        0.00038778706085073575
    ],