{
    "LEIA": [
        31.656079524213567,
        31.30341903689365,
        59.78635467469035,
        31.674589221023073,
        48.34426197152308,
        29.180560424428627,
        29.803105120806446,
        30.031793237152502,
        44.6629962080774,
        36.11150286511504,
        47.78370631389853,
        61.493063943036574,
        43.07160242754471,
        43.88592530101628,
        28.47346644134633,
        56.336703712527104,
        27.23441035133431,
        32.12900669916077,
        65.33431426634138,
        32.549597307123754
    ],
    "GBM-na": [
        239.40202999752282,
        339.7001950802623,
        556.6760561793519,
        705.7355462841873,
        849.7310487225379,
        996.1457064724768,
        1114.0712342302102,
        1184.8454358643394,
        1238.9266518525735,
        1489.1302086700396,
        1498.0861698269855,
        1473.9441302864632,
        1433.4960126738954,
        1381.1024939765587,
        1321.601347264009,
        1441.8089724022143,
        1357.4705757913787,
        1256.9782787867775,
        1147.3934754679287,
        1335.29540804478,
        724.4882328132019,
        683.7752355303772,
        668.2326152209159,
        654.6357619284738,
        706.8414058281398,
        687.7924490783313,
        670.7441549957155,
        649.2102854688428,
        688.6454404253841,
        666.8661426168479,
        646.7487753755464,
        627.6005721611784,
        661.4271235700537,
        636.3185527194571,
        612.5481724787505,
        637.2309548151094,
        609.0594510162196,
        581.1995828962711,
        596.0485152709178,
        566.279404185409,
        537.2701532711177,
        544.4555758138023,
        514.4339757623347,
        486.67990349515924,
        490.947342634663,
        464.45309056657067,
        439.27697635381145,
        439.4035527043204,
        412.8567820859346,
        411.7499323435334,
        388.79043047310876,
        387.19194218497177,
        364.5362092198347,
        360.9866378978124,
        339.02178088820955,
        317.77860586073444,
        311.95318405225584,
        291.51863160310745,
        285.68621257992527,
        278.5252501871697,
        258.91000698049567,
        249.97934622936384,
        230.48870007586032,
        220.91546347967105,
        203.29544916196838,
        194.5071732125859,
        184.97092160563045,
        168.58799452946047,
        158.80062220449096,
        149.20583853706623,
        135.6297029966018,
        127.70745327683618,
        119.83663905473846,
        111.79296324227515,
        100.86802308787756,
        93.85883353434386,
        87.38390109303211,
        81.19367804594825,
        73.24453083900899,
        67.90103894260002,
        62.80429324065514,
        58.142895943105,
        53.69024813142663,
        49.471036565394805,
        45.38743443102445,
        41.284626780871285,
        37.671086582636974,
        34.36537203566728,
        31.55155770563843,
        28.983587923229507,
        26.540064633258954,
        24.31034296985252,
        22.591787448110708,
        20.551090805625805,
        35.62185039052051,
        15.272113198634516,
        14.00491439406161,
        12.647867714551236,
        21.91332563754658,
        9.479616450831976,
        16.686360660084077,
        7.332101519611764,
        6.6355875817743915,
        11.492489710481339,
        33.5314315690064
    ],
    "GBM-b1": [
        660.5184659499427,
        511.5556303109387,
        401.42025133005825,
        320.8893273358917,
        257.6612102141426,
        206.864626611929,
        217.89096268957925,
        168.12370929840546,
        130.2687161465034,
        102.41762522289142,
        80.91611898024361,
        64.2615806415059,
        51.387365898230186,
        41.380060004351414,
        60.362925496784584,
        44.02864062046106,
        81.61765481067525
    ],
    "GECAM-BHG": [
        306.7115359000232,
        295.72963021226195,
        285.4120203940252,
        276.6001723018286,
        268.57380634266747,
        261.5026632126252,
        255.22770865386659,
        249.47928007035148,
        244.05543648388925,
        239.0165470380619,
        234.27629659558397,
        229.7573222145175,
        225.43441778669927,
        221.28947498109414,
        217.30259023421473,
        213.45411494648692,
        209.72337889420254,
        206.0934472044144,
        202.5070599525713,
        198.95946671804475,
        195.54287113012933,
        192.20277727433952,
        188.94057801029254,
        185.66902824157086,
        182.48997612426027,
        179.48049686639143,
        176.51269128870192,
        173.44096524279206,
        170.5956613035831,
        167.70025337510816,
        164.73523154886138,
        161.97654869406534,
        159.01768672592138,
        156.29684449634559,
        153.50613012425646,
        150.81354070439014,
        148.15635158950022,
        145.52672206625343,
        142.9385989934042,
        140.3850698594186,
        137.80659096728843,
        135.3566840632916,
        132.74606296334233,
        130.37622656825025,
        127.83377282488048,
        125.43573366390541,
        123.10213776212944,
        120.60052638270876,
        118.33180132322187,
        116.06944345144878,
        113.67370418596106,
        111.48038064184348,
        109.30457633952226,
        107.04561759705719,
        104.83995321167379,
        102.70747671854565,
        100.58696699232821,
        98.4417127510453,
        96.28650499408243,
        94.22917720442909,
        92.18541574812902,
        90.14837678802365,
        88.1141595234853,
        86.06511556804898,
        83.98234246012613,
        81.96578113528999,
        79.96357286515108,
        77.98341042655358,
        76.02728801408023,
        74.10022457731458,
        72.19980098155052,
        70.3269278889735,
        68.48081439004149,
        66.66187278076461,
        64.86968907314198,
        63.10404538977367,
        61.36595352054928,
        59.656204610086256,
        57.97557888395382,
        56.32610528622527,
        54.70892114534106,
        53.063499853677094,
        51.51323808831565,
        50.00116919499087,
        48.52819889542076,
        47.09169110621641,
        45.689426091373974,
        44.23782124908058,
        42.874243712934714,
        41.556962794964214,
        40.27066317776203,
        38.95481942712099,
        37.682261482771544,
        36.50772469635428,
        35.371822987418376,
        34.155448529771014,
        33.38670478383848,
        32.873458918657775,
        32.259586804080726,
        31.705086974163255,
        31.160477901086214,
        30.602682581106453,
        29.951838674483987,
        29.385748352940556,
        28.814094514384827,
        28.23924635269596,
        27.657233871487794,
        27.02658379173712,
        26.443378971724485,
        25.85149486649093,
        25.252116685081297,
        48.68590807187371,
        23.432940458656002,
        22.83106120833088,
        22.23563352651904,
        21.647862022788548,
        41.560790953118776,
        19.93627993741458,
        19.38603925386792,
        37.156697456864585,
        35.076443017427756,
        48.840095651190865,
        15.312756269976676,
        14.812134732070495,
        41.2616111925917,
        79.84705474738912
    ],
    "GECAM-BLG": [
        20.43659464536003
    ],