{
    "LEIA": [
        2.883678342191287,
        4.5473910664343276,
        3.788273686126105,
        7.203511704116675,
        5.356269288448448,
        9.295005191698552,
        8.856113040208559,
        9.341107378632959,
        6.882209036030895,
        7.824089430137953,
        5.479912731829264,
        4.139979864334292,
        7.0004786244546375,
        6.133449734622096,
        7.898225366645005,
        4.283431926964028,
        6.687128897413467,
        5.657969479872637,
        2.0683159422799937,
        3.315958943180465
    ],
    "GBM-na": [
        0.5978149576419162,
        0.3952067268782204,
        0.2616871336833094,
        0.19762699904512618,
        0.16090864334479843,
        0.12796007563034528,
        0.1068276059167354,
        0.09464804207604388,
        0.08491792038616883,
        0.07053102318554558,
        0.061681706486311806,
        0.05580564154676508,
        0.05319449534653774,
        0.04938942289860251,
        0.045584659052032586,
        0.03853096466951333,
        0.036851566917126974,
        0.03494411444054755,
        0.03319990827645148,
        0.023732132307245177,
        0.03923649477659666,
        0.034656758584982815,
        0.03227213062828031,
        0.028069474811381383,
        0.024750849335095564,
        0.02402603598722091,
        0.021826955967132047,
        0.02156214772960924,
        0.018777385628840716,
        0.01785218221816283,
        0.01691708359038161,
        0.015668205758502706,
        0.01423383423269205,
        0.013737956893354093,
        0.01346036647198522,
        0.012274706328674502,
        0.011076745723384712,
        0.011075192670297064,
        0.009811880042072584,
        0.009621077977484634,
        0.009315964752757937,
        0.008425028580269035,
        0.008232546795725881,
        0.00802735215472287,
        0.007723791793156732,
        0.006989170043148687,
        0.006569431968881902,
        0.006681931681573495,
        0.006626459965250327,
        0.005982216757321945,
        0.005764089594759789,
        0.0055790058138162875,
        0.005212317874975254,
        0.004968254097922997,
        0.004854147590188594,
        0.004576783461216189,
        0.004589006685727588,
        0.0043083787200213115,
        0.0043211274206275425,
        0.004061403393597233,
        0.0038106882150255295,
        0.0037503484686107363,
        0.0036390574492677053,
        0.0037537047498216857,
        0.0033923495371033113,
        0.0032688240185733916,
        0.003307860933432841,
        0.00316989691460282,
        0.003275912729193147,
        0.0028191006430595125,
        0.002986521808111082,
        0.002881075810484515,
        0.00279386818705404,
        0.0025986350345667112,
        0.0028149400160603507,
        0.002531596658021308,
        0.0026271289072386287,
        0.002461282787323125,
        0.002525278623327123,
        0.002315489289435765,
        0.0023684522137277318,
        0.0024165804859825907,
        0.0021124440615330497,
        0.002404092844716322,
        0.002020280338710464,
        0.002087580524705512,
        0.0021659896762910905,
        0.001941872322719986,
        0.0021594532184677274,
        0.0022562220893479895,
        0.0017996064033208318,
        0.001823851805023411,
        0.0018373533869791943,
        0.0020133945209134304,
        0.0011982435963799585,
        0.0018762045965777898,
        0.0017671787002316232,
        0.0018667351793777702,
        0.0013325180923024669,
        0.0018953332586365255,
        0.0011536088130631552,
        0.0017174837109798064,
        0.0018061495138112062,
        0.0011314206548230566,
        0.0003962370898222993
    ],
    "GBM-b1": [
        0.0006524704414573675,
        0.0006284509080941284,
        0.0005862819103771464,
        0.0005021586357304105,
        0.0004975856300999636,
        0.00047719292481290533,
        0.00039242059246033615,
        0.0003544328860856593,
        0.0003130659545719398,
        0.0002640984263923741,
        0.00027053816397791796,
        0.00026045988304037226,
        0.00026566419825336623,
        0.00027279406158246187,
        0.00017311044675808598,
        0.0001783408908262576,
        7.530518569154961e-12
    ],