{
    "LEIA": [
        8.797673182451726,
        14.380113181434536,
        11.9795732482403,
        22.779504136689614,
        17.7647355058874,
        30.828044645269564,
        28.005488422977397,
        30.980948301345816,
        20.996594865121605,
        25.949568965953187,
        17.32900561153596,
        13.091765838531252,
        19.88267389386213,
        18.71224174232851,
        24.97638163191671,
        11.447953364477353,
        21.146558322957013,
        17.261622293969403,
        6.310123924711652,
        12.063572623186383
    ],
    "GBM-na": [
        9.177743055926046,
        6.254202741465675,
        5.27898449113043,
        4.358493822833693,
        4.026983083832727,
        3.383934887915789,
        2.9426515670431717,
        2.8092332809530483,
        2.6421933753722935,
        2.504584369923386,
        2.149003222874307,
        1.9318765521856869,
        1.9107612927397175,
        1.7433803671336208,
        1.5800708640532262,
        1.3367856999023562,
        1.2813591333890961,
        1.1577562674387831,
        1.0336256737731757,
        0.6794398086720175,
        1.1266324981470137,
        0.8891161478816986,
        0.8254523990181107,
        0.6341896876170889,
        0.5775237780181355,
        0.5744730862255044,
        0.4960645233328734,
        0.5111448406611668,
        0.43231186808966504,
        0.40374103166325664,
        0.37886155389769294,
        0.34061986031059094,
        0.31840444252853517,
        0.3034152296300905,
        0.2974276030324715,
        0.2723758147958836,
        0.22411340989688713,
        0.23763468399157278,
        0.20592120464138727,
        0.2052484998419976,
        0.19672098212672334,
        0.17208154389428412,
        0.1658512601595522,
        0.16044085832448807,
        0.1597552403083416,
        0.12900312508895465,
        0.1158562487964199,
        0.12995242288156336,
        0.12858970090340544,
        0.10952718012084257,
        0.10330170043722217,
        0.10226617021356643,
        0.08863241802516758,
        0.08438089166499453,
        0.08165362080847216,
        0.07058044300557259,
        0.07553669064436128,
        0.06557091027822468,
        0.06871208970618764,
        0.06382035992139562,
        0.05400280130968316,
        0.0541949732509931,
        0.0497422681738332,
        0.054182716685498206,
        0.040889573317026175,
        0.038169827926663354,
        0.03986403007233611,
        0.03566647325355479,
        0.03982418233341692,
        0.028557628244055264,
        0.03204889220369847,
        0.02905769351949256,
        0.02689596342609222,
        0.02250660621916683,
        0.0258552434986195,
        0.020142402683450196,
        0.02203288937950298,
        0.0186645121973035,
        0.018807192784321816,
        0.01473816632918424,
        0.015563428784944839,
        0.01615187472587338,
        0.011561612471421066,
        0.016746426127822123,
        0.011078248371055905,
        0.01147672337480816,
        0.012086216384300253,
        0.008817698498426816,
        0.011610597586657556,
        0.012834796385659339,
        0.006650800068282359,
        0.006073879142406269,
        0.0068272695386311965,
        0.009686465850269032,
        0.004623154191425534,
        0.006035512792798829,
        0.004684792519572675,
        0.004893199903833137,
        0.004769371408529187,
        0.005792076705578971,
        0.003374402146340687,
        0.0048869827170767675,
        0.005373234388098607,
        0.0031440515635303974,
        0.0013568953614407566
    ],
    "GBM-b1": [
        0.01448720824760666,
        0.011830933224391403,
        0.00993318346797386,
        0.0072954175658453075,
        0.007208315612793017,
        0.005435442286163794,
        0.0040612782184988264,
        0.0037358209971559003,
        0.0028562088960145944,
        0.0014811411665632773,
        0.0017585958634001421,
        0.0012212585179734153,
        0.0012060400072286535,
        0.0012757494709435572,
        0.0006324791674256713,
        0.0006428597099708904,
        1.5382867034581808e-11
    ],
    "GECAM-BHG": [
        0.6647438123420675,
        0.6592014707921235,
        0.6540001378132974,
        0.6281107289983193,
        0.5796128359654885,
        0.5290283223785984,
        0.4875410531173778,
        0.5195393163548111,
        0.5122312252610245,
        0.41597392670447986,
        0.44943783099677936,
        0.42270632829104915,
        0.5010892339016764,
        0.4182703913141422,
        0.391440525050225,
        0.3245783539170191,
        0.3204155102673153,
        0.3537990048479914,
        0.3374039465969908,
        0.28228239082882606,
        0.2649682632135551,
        0.27085607221747104,
        0.2745295258531418,
        0.23095763644288128,
        0.2671876293233837,
        0.2731484594449437,
        0.20684412730682045,
        0.21656154432065552,
        0.21237068498768202,
        0.20957938412130026,
        0.21247360259804718,
        0.21174956878767506,
        0.1972651861311451,
        0.16567727556207085,
        0.20716087715282694,
        0.15142224504962767,
        0.17356763401442765,
        0.17476134462501858,
        0.16190336792262477,
        0.13204582850379568,
        0.12976006195497086,
        0.12308744571132293,
        0.13797671129881003,
        0.13028656359762766,
        0.16185461554735942,
        0.11735245585927373,
        0.12848642585253686,
        0.1302750186412329,
        0.10475781354129544,
        0.09974306338975128,
        0.09524278255499953,
        0.10447481594762452,
        0.11951002876314491,
        0.11408828785577159,
        0.10303844212757456,
        0.09471786259419034,
        0.09273129376830758,
        0.1043685240593873,
        0.09045900730750686,
        0.0805904761616186,
        0.11632693990094842,
        0.0713569660147095,
        0.08764065324376341,
        0.08730758177393219,
        0.08698835651137247,
        0.09037711736648443,
        0.06711773948436509,
        0.052757386393176085,
        0.06484627704467916,
        0.05350453054620574,
        0.05639872573305512,
        0.067809871869259,
        0.0488745002534874,
        0.06596128967406412,
        0.03980853213486435,
        0.06109449706865683,
        0.04631435992952899,
        0.06039022704889757,
        0.043600363390676716,
        0.03304790700924925,
        0.054116387100578096,
        0.03635351892150453,
        0.050079372567240175,
        0.03987860280083687,
        0.043701588656928025,
        0.05144460580693534,
        0.04794613387547354,
        0.04081862156121475,
        0.044401748537926986,
        0.04703704173536425,
        0.024642284618678838,
        0.045545521315860066,
        0.03446550360528195,
        0.036453617798716746,
        0.03265359056454187,
        0.04311581544812879,
        0.02748438677760447,
        0.033405649297029556,
        0.03847388363802273,
        0.022980989124474074,
        0.039279257693491935,
        0.030558163188790257,
        0.026510179895561918,
        0.01932890681910665,
        0.02225194016490288,
        0.03003554680427742,
        0.035284985089187114,
        0.030402173378456358,
        0.03044814540384666,
        0.037101585069151365,
        0.03361647735924075,
        0.015033840201387342,
        0.0205274211004972,
        0.024660898269631255,
        0.020860844398697787,
        0.042709691881525645,
        0.01827025853543906,
        0.02034385616471282,
        0.02027295647423427,
        0.015104953505796307,
        0.013213076800709633,
        0.014374662055472453,
        0.018158841040702638,
        0.016610104244526153,
        0.009933942072622761,
        0.006909856755611574
    ],
    "GECAM-BLG": [
        5.411353406768838e-06
    ],