{
    "LEIA": [
        -5.728965682662601,
        -6.736732610557456,
        -15.743827716899286,
        -6.854106928696762,
        -11.25971863929817,
        -5.481645218746753,
        -6.262291692549225,
        -5.73830156865984,
        -9.33643530107484,
        -7.571402993229199,
        -11.948257039480424,
        -16.283536576068645,
        -8.280852139204402,
        -9.120914608760978,
        -5.8418230233339745,
        -12.38400498033804,
        -5.4499990840199155,
        -5.86013208103433,
        -15.069627392651416,
        -4.256402552019206
    ],
    "GBM-na": [
        2.993516599146619,
        -0.4025564181071176,
        -1.1155005226265249,
        -2.4250684296337086,
        -1.3615721760112507,
        -2.9184111696711112,
        -3.7751475667278935,
        -1.959253358527134,
        -0.5934239923606244,
        1.308654075515787,
        -0.0943257463378947,
        -0.07328472501343126,
        3.0468867250093448,
        3.1660501035261244,
        2.9361664822124656,
        0.5755199237714467,
        2.427041532458144,
        2.0956582204248955,
        1.3180260563171569,
        -9.013177099425572,
        7.947685704956817,
        3.686490771102178,
        3.5064355170850656,
        -1.16895373487648,
        -1.8370480346619062,
        -0.25030625260899014,
        -2.0854030911194545,
        0.24061844629761114,
        -2.1015416675826875,
        -1.982079623207792,
        -1.8061396260893074,
        -2.6634763691846812,
        -2.6845576003699327,
        -2.097322370247328,
        -0.9422917156780894,
        -1.3741305419099297,
        -4.1069517701058444,
        -1.2840343489205623,
        -2.985255860366009,
        -1.4956105627053444,
        -0.9528035650286625,
        -2.42176223751732,
        -1.7467307716394394,
        -1.0839116958254822,
        0.13002345790050637,
        -2.861705572833253,
        -3.6952466963148,
        -0.2747455361866285,
        0.7026497069201636,
        -1.1733725250852025,
        -1.0911731360919326,
        -0.13999702831485186,
        -1.5830420790826274,
        -1.3493445608340502,
        -0.8183978057322314,
        -2.191831562700393,
        -0.07611465855125084,
        -1.3599251328482465,
        0.342365836784512,
        0.15459512329776673,
        -1.4149532590649916,
        -0.4352827127156709,
        -0.7508317799333158,
        1.2940469870068232,
        -1.6141360959408757,
        -1.6565714013512247,
        -0.3204423900172204,
        -0.8710658186054581,
        1.1409557505083743,
        -1.8781770578210932,
        0.09701524742571449,
        -0.25709618101805665,
        -0.3706642626823436,
        -1.4049110836100132,
        0.48181083307759914,
        -1.108525412411087,
        0.21126224407923008,
        -0.5769316098522534,
        0.00916375051723119,
        -1.223148700438736,
        -0.36246916811819224,
        0.33732965238508733,
        -1.3022254172578005,
        1.4140003234134453,
        -0.6730445989110496,
        -0.05089045903163013,
        0.603259129550986,
        -0.6219314571052387,
        1.0615941200331371,
        1.852384480252077,
        -0.7691399186389242,
        -0.7570046142289644,
        -0.0432566833707208,
        1.63691536162247,
        -0.8849395397162662,
        0.5270048346638387,
        0.01592504119057639,
        0.32233565446777546,
        0.7336618885991216,
        1.2923351818138757,
        0.37690421061144463,
        1.3446116779420811,
        1.6690351482731596,
        0.9580607788539799,
        0.610767553918629
    ],
    "GBM-b1": [
        2.1389779001109175,
        2.523952137272031,
        3.0805751708672817,
        1.5425952334265596,
        3.87048130530412,
        2.3489500238022027,
        1.5787647233390865,
        2.975503183343212,
        2.3897691460954524,
        -0.7172378184647484,
        1.5733191463450564,
        0.5809276404855241,
        1.2898473495816292,
        2.110785254210262,
        0.6684893895391326,
        1.7028770199422634,
        0.8656223698579775
    ],
    "GECAM-BHG": [
        0.16428439157065844,
        0.6285477412814227,
        1.0819428734227285,
        1.0977868371847914,
        0.5144373404737758,
        -0.18995450509699302,
        -0.7574261564522494,
        0.6140300762846452,
        0.9132788324159367,
        -1.2962065085567687,
        0.156892449763339,
        -0.16208100634278078,
        2.6131545459058545,
        0.6157330494231501,
        0.2215197583928392,
        -1.650645868879431,
        -1.3911470511965092,
        0.26765079645984885,
        0.09825175286877103,
        -1.6281649326724077,
        -1.9686450506354412,
        -1.296040041095714,
        -0.7891583201425736,
        -2.36417081021757,
        -0.31076629441080567,
        0.349102444183385,
        -2.4638212810216475,
        -1.5929058320450407,
        -1.4078090129948657,
        -1.1930996789443455,
        -0.702960315716019,
        -0.3857146023432228,
        -0.8139438465660985,
        -2.2879863545483374,
        0.3947674521897449,
        -2.502046152635583,
        -0.8381451452832637,
        -0.4472371805749076,
        -0.9046160897600755,
        -2.605480675334913,
        -2.504137509563522,
        -2.6231761049199736,
        -1.273577380946681,
        -1.5347573643729755,
        0.9067384464950294,
        -1.9079578281343583,
        -0.8074501198772648,
        -0.37741948164512,
        -2.0835267324355082,
        -2.285493159280314,
        -2.3572942530147536,
        -1.2872754902634433,
        0.14657780181423694,
        -0.018895302363469004,
        -0.6713242984377442,
        -1.1030457491108845,
        -1.0663023429630272,
        0.17968540603726801,
        -0.7919515045799606,
        -1.4656659139961898,
        1.8662706169880194,
        -1.8920009135563378,
        -0.14842745757046918,
        0.040835425280807844,
        0.21660965471692237,
        0.721615312354393,
        -1.339294705235617,
        -2.6834800994369603,
        -1.0929789844777604,
        -2.1687055506904667,
        -1.6447954393754096,
        -0.2601173120314052,
        -2.252672514096146,
        -0.09167609888377043,
        -2.9609516452681803,
        -0.26106802707641796,
        -1.7233614975642146,
        -0.004214823882683714,
        -1.756646116516365,
        -2.984929472462424,
        -0.215702393827281,
        -2.2157599670640273,
        -0.3696452562490407,
        -1.5249793452626446,
        -0.8208156036343549,
        0.21485747215256593,
        -0.06503311792398404,
        -0.7584216571776747,
        -0.21885365579860253,
        0.21705817103478678,
        -2.4705054611131017,
        0.2806168665309247,
        -0.9435916213749912,
        -0.5717451768714052,
        -0.9290803970999336,
        0.44456096849455534,
        -1.353451564729354,
        -0.511624198064598,
        0.19986604888492293,
        -1.7749523781080656,
        0.5572250861607503,
        -0.4836524586708461,
        -0.8792145238793989,
        -1.865388964944256,
        -1.2557688912399496,
        -0.12628245657593512,
        0.6479589924705541,
        0.11154651269874374,
        0.21944391866201923,
        1.161722467221652,
        0.8483938367214142,
        -2.2637592587385598,
        -0.6718714964819869,
        0.014077762812660816,
        -0.4210139284143496,
        2.370408104981035,
        -0.7906924767849811,
        -0.13652560339885406,
        -0.07271443728675775,
        -1.1021972587183642,
        -1.2540562933471429,
        -0.8209362247717165,
        0.30631878055940065,
        0.13731762956551816,
        -1.5277065251090112,
        -2.6851651458801196
    ],
    "GECAM-BLG": [
        -0.1461763314200064
    ],