{
    "LEIA": [
        1.2,
        1.0,
        1.0,
        1.0,
        1.1,
        1.1,
        1.0,
        1.1,
        1.2,
        1.1,
        1.0,
        1.0,
        1.3,
        1.2,
        1.0,
        1.2,
        1.0,
        1.2,
        1.2,
        1.6
    ],
    "GBM-na": [
        37.3623026549571,
        43.55551043200162,
        68.12528554748971,
        82.54226102847859,
        102.94938829382201,
        114.7266358698411,
        125.99624346413522,
        140.00710695974414,
        152.39352251383318,
        189.3497131834103,
        183.86720138078073,
        180.61830549774098,
        189.75582516879027,
        184.3748413625057,
        173.40981775724654,
        178.48621757449615,
        176.25260165490633,
        164.06924209350728,
        147.52017868927356,
        125.59013147875525,
        121.52901162495557,
        96.85770851312249,
        91.98436468856286,
        75.84141326970912,
        78.98878115640387,
        81.2223970759937,
        73.20168536473932,
        76.75516523681405,
        75.23224529163916,
        73.60779735011928,
        71.37418143052946,
        66.29778161327985,
        69.74973348900959,
        69.24209350728462,
        70.66348545611451,
        72.99862937204934,
        62.439717752170154,
        65.28250164982994,
        61.830549774100206,
        61.729021777755214,
        59.495405858165384,
        56.95720594954058,
        55.332758008020704,
        53.505254073810846,
        57.26178993857556,
        47.61663028580131,
        42.5402304685517,
        49.85024620539113,
        48.9364942382862,
        44.77384638814153,
        42.03259048682674,
        44.16467841007157,
        38.58063861109701,
        38.88522260013198,
        37.057718665922124,
        32.59048682674247,
        35.73785471343723,
        30.9660388852226,
        33.80882278288238,
        32.184374841362505,
        27.615615005837856,
        28.326310980252803,
        25.585055078938016,
        28.326310980252803,
        22.03157520686329,
        21.219351236103353,
        22.33615919589827,
        19.290319305548504,
        20.813239250723385,
        15.432255444438804,
        16.24447941519874,
        15.22919945174882,
        14.31544748464389,
        12.284887557744048,
        13.40169551753896,
        10.660439616224172,
        11.371135590639117,
        9.848215645464236,
        9.645159652774252,
        7.919183714909385,
        8.12223970759937,
        8.325295700289354,
        6.1932077770445195,
        7.919183714909385,
        5.380983806284583,
        5.482511802629575,
        5.6855677953195585,
        4.3657038428346615,
        5.2794558099395905,
        5.6855677953195585,
        3.451951875729732,
        3.451951875729732,
        3.5534798720747243,
        4.162647850144677,
        5.482511802629575,
        3.147367886694756,
        2.7412559013147875,
        2.9443118940047714,
        5.787095791664551,
        2.8427838976597792,
        4.162647850144677,
        2.3351439159348186,
        2.538199908624803,
        3.858063861109701,
        13.503223513883952
    ],
    "GBM-b1": [
        106.72455390345813,
        96.14279926713792,
        81.93301446979363,
        59.66094042572919,
        57.64536811404915,
        50.79242225433701,
        59.76171904131319,
        47.869842402400955,
        36.28030161024072,
        25.194653896000503,
        26.00088282067252,
        23.17908158432046,
        23.985310508992477,
        24.993096664832496,
        38.69898838425677,
        50.69164363875301,
        450.58119027607296
    ],
    "GECAM-BHG": [
        42.69928621026552,
        40.66598686691954,
        40.259326998250344,
        37.31104295039868,
        36.294393278725686,
        33.85443406671052,
        30.601155117356953,
        30.80448505169155,
        31.92279969053184,
        27.754536036672587,
        28.97451564268017,
        29.07618060984747,
        31.516139821862645,
        28.771185708345573,
        27.856201003839885,
        23.484607415646035,
        23.382942448478737,
        24.501257087319022,
        24.399592120151723,
        21.552973039467357,
        20.739653302128964,
        21.654638006634656,
        20.841318269296263,
        19.011348860284883,
        20.33299343345977,
        20.841318269296263,
        17.384709385608105,
        18.096364155779195,
        18.808018925950286,
        18.909683893117585,
        18.40135905728109,
        18.909683893117585,
        17.68970428711,
        16.164729779600517,
        18.808018925950286,
        15.249745075094827,
        16.266394746767816,
        16.469724681102413,
        16.06306481243322,
        13.826435534752644,
        13.318110698916149,
        13.318110698916149,
        14.639755272091033,
        13.928100501919943,
        16.266394746767816,
        12.708120895912357,
        13.521440633250746,
        14.436425337756436,
        12.098131092908563,
        11.081481421235575,
        11.38647632273747,
        12.30146102724316,
        13.521440633250746,
        12.403125994410459,
        11.793136191406667,
        11.793136191406667,
        10.979816454068276,
        11.589806257072068,
        10.878151486900977,
        10.268161683897183,
        12.606455928745056,
        9.75983684806069,
        10.268161683897183,
        10.47149161823178,
        10.979816454068276,
        10.878151486900977,
        8.234862340551206,
        7.523207570380115,
        9.048182077889598,
        7.9298674390493105,
        8.03153240621661,
        8.641522209220403,
        6.506557898707126,
        8.438192274885804,
        5.8965680957033335,
        7.726537504714712,
        6.913217767376322,
        7.726537504714712,
        6.2015629972052295,
        5.388243259866839,
        6.913217767376322,
        5.28657829269954,
        6.506557898707126,
        5.083248358364942,
        5.998233062870632,
        5.489908227034138,
        5.8965680957033335,
        5.489908227034138,
        5.388243259866839,
        5.28657829269954,
        4.066598686691954,
        5.28657829269954,
        4.4732585553611495,
        4.4732585553611495,
        4.168263653859253,
        4.7782534568630455,
        4.168263653859253,
        4.269928621026551,
        4.879918424030345,
        3.354943916520862,
        3.9649337195246552,
        3.9649337195246552,
        4.066598686691954,
        3.0499490150189654,
        3.253278949353563,
        3.9649337195246552,
        4.168263653859253,
        4.168263653859253,
        3.6599388180227583,
        4.269928621026551,
        3.863268752357356,
        5.8965680957033335,
        3.253278949353563,
        3.5582738508554597,
        3.456608883688161,
        4.981583391197644,
        6.506557898707126,
        3.253278949353563,
        2.744954113517069,
        4.981583391197644,
        4.879918424030345,
        7.828202471882011,
        2.64328914634977,
        2.3382942448478734,
        5.489908227034138,
        12.504790961577758
    ],
    "GECAM-BLG": [
        52.140623260934746
    ],