{
    "LEIA": [
        7.058822836430496,
        12.500002607703752,
        9.090907908668356,
        19.999995231629555,
        15.714287319962024,
        27.500026226068712,
        25.000023841880648,
        27.499944269770076,
        20.000019073504518,
        21.99996852879258,
        14.285727909646084,
        9.999997615814777,
        16.249991282825377,
        12.00001144410271,
        11.111106990297692,
        4.999999801317859,
        6.666667726304964,
        3.529410180749251,
        1.428571574542002,
        2.051282126522631
    ],
    "GBM-na": [
        44.735767143620585,
        52.50403271639241,
        68.5239832305279,
        82.55446418966996,
        101.6259719209689,
        110.98690749939524,
        118.66490232409228,
        128.11496566256193,
        136.02894153975592,
        141.69681779585963,
        135.03184233882118,
        130.77698912005562,
        135.55357816095932,
        129.7875623031552,
        120.14479023095714,
        106.24346557033735,
        102.75130321356338,
        93.55633999214821,
        82.1807090644285,
        51.26341728046952,
        78.98885566793038,
        61.89916756574689,
        57.29126653215382,
        46.12205131576724,
        42.236309178676144,
        42.460283771835,
        37.48343586738021,
        38.56655792838555,
        33.75104686020772,
        32.46594535552767,
        31.007937330419942,
        28.4203664703764,
        27.078241316117282,
        26.594015211444393,
        26.90116647871054,
        25.46800912734768,
        21.666071947255627,
        22.57712568172082,
        19.831044547467638,
        19.819092549612805,
        19.1641542745818,
        17.18979801476908,
        16.75861435282101,
        16.254471893723153,
        16.351279883987477,
        13.626286146494746,
        12.192810242560235,
        13.461253856443623,
        13.220011527055744,
        11.420571269692031,
        10.710868158388216,
        10.64314385784922,
        9.276923025053627,
        8.862519208482293,
        8.42651616520491,
        7.393785269817305,
        7.703847609852747,
        6.659503059638337,
        6.923808900003373,
        6.288996793546321,
        5.382755431697791,
        5.2778774586313055,
        4.754975256298494,
        5.0408480636539705,
        3.910497641713614,
        3.6120014717009203,
        3.6514774288446534,
        3.145052257912139,
        3.263283118779221,
        2.3296975324950275,
        2.4455026036732326,
        2.2100647373766282,
        2.004742021230914,
        1.661814080038297,
        1.8076681206275602,
        1.3903251735588988,
        1.4352050528811715,
        1.2039079805206216,
        1.1756203210922027,
        0.9356932606286761,
        0.9309899703321562,
        0.9263961637442578,
        0.6694741315275022,
        0.8321467551209142,
        0.5499849573744477,
        0.5453768339730665,
        0.5507654812559127,
        0.4120602916776061,
        0.4857793739244601,
        0.5102546430280135,
        0.302314147364922,
        0.29515225281394813,
        0.2908291458689739,
        0.3330354071785863,
        0.21213846818124654,
        0.23582031913881918,
        0.19751803297546006,
        0.2078706488959978,
        0.19659535558686184,
        0.18612079816844088,
        0.13043851748805677,
        0.14033201501905893,
        0.14994381434869017,
        0.10875451772372921,
        0.058938472573121944
    ],
    "GBM-b1": [
        3.101036219743376,
        2.795704973568984,
        2.384178965782419,
        1.7371964820739818,
        1.6794864265154112,
        1.4805959977814762,
        1.3072297584736179,
        1.0476351693621446,
        0.7943101780629791,
        0.5517628125562367,
        0.5695204702356279,
        0.5077466664315864,
        0.5253863468239975,
        0.5473787083007934,
        0.4235893592205851,
        0.492697553085206,
        0.012759889069175885
    ],
    "GECAM-BHG": [
        40.0017213954008,
        37.772100788163314,
        37.072425491972844,
        34.058549203592584,
        32.83915641557287,
        30.358728569467146,
        27.194203138740214,
        27.12533063282039,
        27.850749494378107,
        23.98817385517947,
        24.80615370854671,
        24.65549057658147,
        26.46670411831982,
        23.926078204507014,
        22.9372817523208,
        19.145674045544947,
        18.872048796390455,
        19.575198523364453,
        19.296196324745615,
        16.87085711521825,
        16.06764137044075,
        16.60339233454394,
        15.81447458936058,
        14.276129167589591,
        15.109825408124678,
        15.32612541695813,
        12.650935939363999,
        13.031489946577429,
        13.40295034340323,
        13.335252778867812,
        12.8421814183192,
        13.060361413456505,
        12.091853081966102,
        10.936127459103526,
        12.594538851627478,
        10.108194447729007,
        10.673365967722377,
        10.698595241264846,
        10.330855554223753,
        8.80485149234106,
        8.398394083935942,
        8.317243607226654,
        9.055250927408927,
        8.5335576543152,
        9.873066165226588,
        7.642130767429915,
        8.057073669028131,
        8.524932834766364,
        7.0807155106484085,
        6.42902893381929,
        6.549071358058361,
        7.015337456981568,
        7.646695517046748,
        6.9567521100419265,
        6.5612422826292285,
        6.509215638457136,
        6.013180445020462,
        6.298768050150307,
        5.867721308719906,
        5.49800846527571,
        6.701437708584167,
        5.151666970106682,
        5.382569681220642,
        5.45213056878079,
        5.679077953165742,
        5.590183690341353,
        4.2051780729669845,
        3.8181158143018865,
        4.564557467912961,
        3.9769490379682235,
        4.004980085781333,
        4.285223098717971,
        3.20908643670214,
        4.1398814862023965,
        2.878127065623077,
        3.752613159540996,
        3.3414064326007966,
        3.7170232616328636,
        2.969862130689382,
        2.569014661370144,
        3.282078205204029,
        2.499485582090836,
        3.0640217467353863,
        2.384582863867927,
        2.8033531967073615,
        2.556610095836715,
        2.7365380678970475,
        2.5393596000035945,
        2.484391187928781,
        2.430078802221734,
        1.8638138871050898,
        2.4161484789486107,
        2.0389730882621007,
        2.0337394392162795,
        1.8904590091302422,
        2.1620841403309714,
        1.8658733833728587,
        1.8764562365978186,
        2.105303467498224,
        1.420933748533704,
        1.6485800875710122,
        1.6184431075269088,
        1.6296034751381534,
        1.1998478810022446,
        1.256449344244417,
        1.5032941449153767,
        1.5514927404970749,
        1.5231356180125788,
        1.3129293519475147,
        1.5037564732527062,
        1.3356572479754991,
        0.9914551392623654,
        1.064198703360878,
        1.1426872101063497,
        1.0897473484259237,
        1.5418071997503093,
        0.9793654965104805,
        0.9526670653477887,
        0.7891234341237493,
        0.6964758381344613,
        0.6575453540252332,
        0.6714600840223277,
        0.6556102967708892,
        0.5708459427164674,
        0.43574795145663586,
        0.3993176294424656
    ],
    "GECAM-BLG": [
        0.009867068126644351
    ],