{
    "LEIA": [
        3.4641016151377544,
        3.1622776601683795,
        3.1622776601683795,
        3.1622776601683795,
        3.3166247903554,
        3.3166247903554,
        3.1622776601683795,
        3.3166247903554,
        3.4641016151377544,
        3.3166247903554,
        3.1622776601683795,
        3.1622776601683795,
        3.605551275463989,
        3.4641016151377544,
        3.1622776601683795,
        3.4641016151377544,
        3.1622776601683795,
        3.4641016151377544,
        3.4641016151377544,
        4.0
    ],
    "GBM-na": [
        19.183326093250876,
        20.71231517720798,
        25.903667693977237,
        28.513154858766505,
        31.843366656181317,
        33.61547262794322,
        35.22782990761707,
        37.134889255254286,
        38.742741255621034,
        43.18564576337837,
        42.555845661906424,
        42.17819341792628,
        43.23193264243457,
        42.61455150532503,
        41.32795663954365,
        41.92851058647326,
        41.66533331199932,
        40.19950248448356,
        38.118237105091836,
        35.17101079013795,
        34.597687784012386,
        30.886890422961002,
        30.099833886584822,
        27.331300737432898,
        27.892651361962706,
        28.284271247461902,
        26.851443164195103,
        27.49545416973504,
        27.2213151776324,
        26.92582403567252,
        26.514147167125703,
        25.553864678361276,
        26.210684844162312,
        26.115129714401192,
        26.38181191654584,
        26.814175355583846,
        24.79919353527449,
        25.357444666211933,
        24.677925358506133,
        24.657656011875904,
        24.20743687382041,
        23.68543856465402,
        23.345235059857504,
        22.956480566497994,
        23.748684174075834,
        21.656407827707714,
        20.46948949045872,
        22.15851980616034,
        21.95449840010015,
        21.0,
        20.346989949375804,
        20.85665361461421,
        19.493588689617926,
        19.570385790780925,
        19.1049731745428,
        17.916472867168917,
        18.76166303929372,
        17.46424919657298,
        18.24828759089466,
        17.804493814764857,
        16.492422502470642,
        16.703293088490067,
        15.874507866387544,
        16.703293088490067,
        14.730919862656235,
        14.45683229480096,
        14.832396974191326,
        13.784048752090222,
        14.317821063276353,
        12.328828005937952,
        12.649110640673518,
        12.24744871391589,
        11.874342087037917,
        11.0,
        11.489125293076057,
        10.246950765959598,
        10.583005244258363,
        9.848857801796104,
        9.746794344808963,
        8.831760866327848,
        8.94427190999916,
        9.055385138137417,
        7.810249675906654,
        8.831760866327848,
        7.280109889280518,
        7.3484692283495345,
        7.483314773547883,
        6.557438524302,
        7.211102550927978,
        7.483314773547883,
        5.830951894845301,
        5.830951894845301,
        5.916079783099616,
        6.4031242374328485,
        7.3484692283495345,
        5.5677643628300215,
        5.196152422706632,
        5.385164807134504,
        7.54983443527075,
        5.291502622129181,
        6.4031242374328485,
        4.795831523312719,
        5.0,
        6.164414002968976,
        11.532562594670797
    ],
    "GBM-b1": [
        32.54228019054596,
        30.886890422961002,
        28.513154858766505,
        24.331050121192877,
        23.916521486202797,
        22.44994432064365,
        24.351591323771842,
        21.79449471770337,
        18.973665961010276,
        15.811388300841896,
        16.06237840420901,
        15.165750888103101,
        15.427248620541512,
        15.748015748023622,
        19.595917942265423,
        22.427661492005804,
        66.86553671361654
    ],
    "GECAM-BHG": [
        20.493901531919196,
        20.0,
        19.8997487421324,
        19.157244060668017,
        18.894443627691185,
        18.24828759089466,
        17.349351572897472,
        17.406895185529212,
        17.72004514666935,
        16.522711641858304,
        16.881943016134134,
        16.911534525287763,
        17.60681686165901,
        16.822603841260722,
        16.55294535724685,
        15.198684153570664,
        15.165750888103101,
        15.524174696260024,
        15.491933384829668,
        14.560219778561036,
        14.2828568570857,
        14.594519519326424,
        14.317821063276353,
        13.674794331177344,
        14.142135623730951,
        14.317821063276353,
        13.076696830622021,
        13.341664064126334,
        13.601470508735444,
        13.638181696985855,
        13.45362404707371,
        13.638181696985855,
        13.19090595827292,
        12.609520212918492,
        13.601470508735444,
        12.24744871391589,
        12.649110640673518,
        12.727922061357855,
        12.569805089976535,
        11.661903789690601,
        11.445523142259598,
        11.445523142259598,
        12.0,
        11.704699910719626,
        12.649110640673518,
        11.180339887498949,
        11.532562594670797,
        11.916375287812984,
        10.908712114635714,
        10.44030650891055,
        10.583005244258363,
        11.0,
        11.532562594670797,
        11.045361017187261,
        10.770329614269007,
        10.770329614269007,
        10.392304845413264,
        10.677078252031311,
        10.344080432788601,
        10.04987562112089,
        11.135528725660043,
        9.797958971132712,
        10.04987562112089,
        10.14889156509222,
        10.392304845413264,
        10.344080432788601,
        9.0,
        8.602325267042627,
        9.433981132056603,
        8.831760866327848,
        8.888194417315589,
        9.219544457292887,
        8.0,
        9.1104335791443,
        7.615773105863909,
        8.717797887081348,
        8.246211251235321,
        8.717797887081348,
        7.810249675906654,
        7.280109889280518,
        8.246211251235321,
        7.211102550927978,
        8.0,
        7.0710678118654755,
        7.681145747868608,
        7.3484692283495345,
        7.615773105863909,
        7.3484692283495345,
        7.280109889280518,
        7.211102550927978,
        6.324555320336759,
        7.211102550927978,
        6.6332495807108,
        6.6332495807108,
        6.4031242374328485,
        6.855654600401044,
        6.4031242374328485,
        6.48074069840786,
        6.928203230275509,
        5.744562646538029,
        6.244997998398398,
        6.244997998398398,
        6.324555320336759,
        5.477225575051661,
        5.656854249492381,
        6.244997998398398,
        6.4031242374328485,
        6.4031242374328485,
        6.0,
        6.48074069840786,
        6.164414002968976,
        7.615773105863909,
        5.656854249492381,
        5.916079783099616,
        5.830951894845301,
        7.0,
        8.0,
        5.656854249492381,
        5.196152422706632,
        7.0,
        6.928203230275509,
        8.774964387392123,
        5.0990195135927845,
        4.795831523312719,
        7.3484692283495345,
        11.090536506409418
    ],
    "GECAM-BLG": [
        22.80350850198276
    ],