{
    "LEIA": 10.0,
    "GBM-na": 9.8495,
    "GBM-b1": 9.92274,
    "GECAM-BHG": 9.83623,
    "GECAM-BLG": 9.97303,
    "GECAM-CHG": 9.718727111816406
}