{
    "value": 8.245118534392296e-06,
    "1sigma_err": [
        5.772306194318474e-08,
        5.3921543076807606e-08
    ]
}