{
    "value": 87.91380593595909,
    "1sigma_err": [
        0.3354544514174762,
        0.37104896805132626
    ]
}