{
    "value": 8.372971606095789e-06,
    "1sigma_err": [
        5.6772812674657595e-08,
        5.897309179643003e-08
    ]
}