{
    "value": 87.65139301418391,
    "1sigma_err": [
        0.4944854605444817,
        0.5201811345205698
    ]
}