{
    "GBM-na": [
        [
            3.668320417404175,
            2000.0
        ]
    ],
    "GBM-b1": [
        [
            104.79130554199219,
            50000.0
        ]
    ]
}