{
    "goodness": {
        "lnL": -925.5284421358081,
        "stat": 1851.0568842716161,
        "npoints": 357,
        "nparams": 3,
        "dof": 354,
        "bic": 1868.690091616955,
        "aic": 1857.0568842716161,
        "aicc": 1857.1248729401714,
        "lnZ": -944.2188534199946
    },
    "parameter": {
        "p03": {
            "label": "ppl.$\\alpha$",
            "value": -1.4856909526933397,
            "1sigma_err": [
                0.007269223769609923,
                0.007546331560883246
            ],
            "2sigma_err": [
                0.01406947994913077,
                0.014779352918093513
            ],
            "3sigma_err": [
                0.0217943201993005,
                0.02240232443922907
            ]
        },
        "p04": {
            "label": "ppl.log$E_{p}$",
            "value": 2.2609323539838186,
            "1sigma_err": [
                0.00803353268935636,
                0.0072376780447664935
            ],
            "2sigma_err": [
                0.015290579698830076,
                0.014478356302659812
            ],
            "3sigma_err": [
                0.022840373678796766,
                0.022463693734199985
            ]
        },
        "p05": {
            "label": "ppl.log$A$",
            "value": -0.7125584817472994,
            "1sigma_err": [
                0.004861880279689146,
                0.005370962256182055
            ],
            "2sigma_err": [
                0.009511671102692687,
                0.010367189317897596
            ],
            "3sigma_err": [
                0.015042196779951555,
                0.015017061785965624
            ]
        }
    },
    "spec_goodness": {
        "LEIA": {
            "lnL": -313.3675815865138,
            "stat": 626.7351631730276,
            "npoints": 20
        },
        "GBM-na": {
            "lnL": -209.5856277027629,
            "stat": 419.1712554055258,
            "npoints": 106
        },
        "GBM-b1": {
            "lnL": -43.83985117378411,
            "stat": 87.67970234756822,
            "npoints": 26
        },
        "GECAM-BHG": {
            "lnL": -102.72550989396527,
            "stat": 205.45101978793053,
            "npoints": 126
        },
        "GECAM-BLG": {
            "lnL": -8.754102985464096,
            "stat": 17.50820597092819,
            "npoints": 16
        },
        "GECAM-CHG": {
            "lnL": -247.25576879331794,
            "stat": 494.5115375866359,
            "npoints": 63
        }
    }
}