{
    "GBM-na": [
        [
            3.668320417404175,
            2000.0
        ]
    ],
    "GBM-b1": [
        [
            104.79130554199219,
            50000.0
        ]
    ],
    "GECAM-BHG": [
        [
            2.0,
            20000.0
        ]
    ],
    "GECAM-BLG": [
        [
            2.0,
            20000.0
        ]
    ],
    "GECAM-CHG": [
        [
            6.240419387817383,
            98.48357391357422
        ]
    ]
}