{
    "log_likelihood": -277.3177086073295,
    "parameters": [
        -1.5623179860796994,
        2.3309791052119904,
        -0.770616091336823
    ]
}