{
    "modes": [
        {
            "index": 0,
            "strictly local log-evidence": -295.19960910658745,
            "strictly local log-evidence error": 0.019752310395041148,
            "local log-evidence": -295.19960910658745,
            "local log-evidence error": 0.019752310395041148,
            "mean": [
                -1.5618402305264447,
                2.3309434709871,
                -0.7703085358036394
            ],
            "sigma": [
                0.010412833860862808,
                0.010199583995568466,
                0.006473978796725648
            ],
            "maximum": [
                -1.5623179860796994,
                2.3309791052119904,
                -0.770616091336823
            ],
            "maximum a posterior": [
                -1.5623179860796994,
                2.3309791052119904,
                -0.770616091336823
            ]
        }
    ],
    "nested sampling global log-evidence": -294.84566266035233,
    "nested sampling global log-evidence error": 0.1999198527839431,
    "global evidence": -295.19960910658745,
    "global evidence error": 0.019752310395041148,
    "nested importance sampling global log-evidence": -295.19960910658745,
    "nested importance sampling global log-evidence error": 0.019752310395041148,
    "marginals": [
        {
            "median": -1.5622434766625475,
            "sigma": 0.010651664743478562,
            "1sigma": [
                -1.5722420047689243,
                -1.5509386752819672
            ],
            "2sigma": [
                -1.581438253658995,
                -1.5411299025436094
            ],
            "3sigma": [
                -1.5926871377389593,
                -1.530632583508062
            ],
            "5sigma": [
                -1.613182689447443,
                -1.5089644287349657
            ],
            "q75%": -1.5547512971430983,
            "q25%": -1.5690548534869362,
            "q99%": -1.537145571045357,
            "q01%": -1.5849140566556412,
            "q90%": -1.5483245089364728,
            "q10%": -1.5749619680691658
        },
        {
            "median": 2.3308163376770823,
            "sigma": 0.010201801782099285,
            "1sigma": [
                2.320678615527619,
                2.3410822190918177
            ],
            "2sigma": [
                2.3112665740208373,
                2.3518773078371136
            ],
            "3sigma": [
                2.3033620912592894,
                2.3628549011464712
            ],
            "5sigma": [
                2.282788202470996,
                2.384485580395549
            ],
            "q75%": 2.3378426850578724,
            "q25%": 2.32400803600263,
            "q99%": 2.356220227307913,
            "q01%": 2.308203072664887,
            "q90%": 2.343832491401414,
            "q10%": 2.318108050917874
        },
        {
            "median": -0.7703035787713602,
            "sigma": 0.006505414407545762,
            "1sigma": [
                -0.7769477091159646,
                -0.763936880300873
            ],
            "2sigma": [
                -0.7828112499844954,
                -0.7572508529400672
            ],
            "3sigma": [
                -0.7889834367127166,
                -0.7509969828033326
            ],
            "5sigma": [
                -0.8024189288301539,
                -0.73748976178079
            ],
            "q75%": -0.7659820925474995,
            "q25%": -0.7748990927943089,
            "q99%": -0.7544084903069972,
            "q01%": -0.7847576178747002,
            "q90%": -0.762076076660482,
            "q10%": -0.7787174434551486
        }
    ]
}