{
    "log_likelihood": -925.5284421358081,
    "parameters": [
        -1.4856909526933397,
        2.2609323539838186,
        -0.7125584817472994
    ]
}