{
    "modes": [
        {
            "index": 0,
            "strictly local log-evidence": -944.2188534199946,
            "strictly local log-evidence error": 0.023619922440791606,
            "local log-evidence": -944.2188534199946,
            "local log-evidence error": 0.023619922440791606,
            "mean": [
                -1.485584149805006,
                2.2604975677053436,
                -0.7123128461752956
            ],
            "sigma": [
                0.007438176246472259,
                0.00765978242502926,
                0.005094392275591397
            ],
            "maximum": [
                -1.4856909526933397,
                2.2609323539838186,
                -0.7125584817472994
            ],
            "maximum a posterior": [
                -1.4856909526933397,
                2.2609323539838186,
                -0.7125584817472994
            ]
        }
    ],
    "nested sampling global log-evidence": -944.090737733926,
    "nested sampling global log-evidence error": 0.23872322000056678,
    "global evidence": -944.2188534199946,
    "global evidence error": 0.023619922440791606,
    "nested importance sampling global log-evidence": -944.2188534199946,
    "nested importance sampling global log-evidence error": 0.023619922440791606,
    "marginals": [
        {
            "median": -1.4855181439965959,
            "sigma": 0.007407777665246584,
            "1sigma": [
                -1.4929601764629497,
                -1.4781446211324565
            ],
            "2sigma": [
                -1.4997604326424705,
                -1.4709115997752462
            ],
            "3sigma": [
                -1.5074852728926402,
                -1.4632886282541107
            ],
            "5sigma": [
                -1.5220398273348645,
                -1.44924601613888
            ],
            "q75%": -1.4806817917633757,
            "q25%": -1.4907957309622448,
            "q99%": -1.4686137298801551,
            "q01%": -1.5034796198540343,
            "q90%": -1.4759556674441459,
            "q10%": -1.4952004490654236
        },
        {
            "median": 2.2604960817020747,
            "sigma": 0.0076356053670614266,
            "1sigma": [
                2.2528988212944623,
                2.268170032028585
            ],
            "2sigma": [
                2.2456417742849886,
                2.2754107102864785
            ],
            "3sigma": [
                2.238091980305022,
                2.2833960477180186
            ],
            "5sigma": [
                2.222466926187046,
                2.2985302596505663
            ],
            "q75%": 2.265745387007414,
            "q25%": 2.2555181283028825,
            "q99%": 2.277988753093224,
            "q01%": 2.242723286388206,
            "q90%": 2.270351186080575,
            "q10%": 2.2505065026058984
        },
        {
            "median": -0.7123667056965144,
            "sigma": 0.0051164212679356,
            "1sigma": [
                -0.7174203620269886,
                -0.7071875194911174
            ],
            "2sigma": [
                -0.7220701528499921,
                -0.7021912924294018
            ],
            "3sigma": [
                -0.727600678527251,
                -0.6975414199613338
            ],
            "5sigma": [
                -0.7371868486713624,
                -0.6867686993858292
            ],
            "q75%": -0.7086488164022817,
            "q25%": -0.7158118454624536,
            "q99%": -0.7006588329399356,
            "q01%": -0.7238818685267513,
            "q90%": -0.7057918157888283,
            "q10%": -0.7188766313919771
        }
    ]
}